rho,mu,method,overlap1,overlap1_std,overlap2,overlap2_std,sum,sum_std
0.0,0.0,A,0.03398169515277815,0.0018521110271458865,0.8651913997870375,0.0008893113760468968,0.4495865474699079,0.0010336855375346207
0.0,0.0,B,0.03398169515277815,0.001852111027145887,0.8651913997870375,0.0008893113760468976,0.4495865474699079,0.001033685537534621
0.0,0.0,naive,0.877376446137913,0.0008138455203745808,0.09883927671667714,0.005193021737280238,0.4881078614272951,0.0024198789985418003
0.0,0.00404040404040404,A,0.03822483926099175,0.001854894408170431,0.864475531603493,0.0007998237492628945,0.45135018543224237,0.0010037593562764366
0.0,0.00404040404040404,B,0.05135108569462314,0.002057894341753209,0.8643439569277878,0.0007988744894223948,0.4578475213112055,0.0010991012664389385
0.0,0.00404040404040404,naive,0.8766952523367807,0.0008080144773405611,0.11320799915583396,0.0053096441023266615,0.4949516257463074,0.0024799510395554928
0.0,0.00808080808080808,A,0.03779365093994245,0.00212801000787632,0.8656650311686058,0.0008011436701748701,0.4517293410542743,0.0011427780409444808
0.0,0.00808080808080808,B,0.06735852980404021,0.002290880548885632,0.8650381519213244,0.0008158378660037379,0.46619834086268236,0.0012130224592819194
0.0,0.00808080808080808,naive,0.8779218228138229,0.0008527296762185598,0.10558806120537825,0.005474697198003684,0.49175494200960057,0.0025502523087144423
0.0,0.012121212121212121,A,0.03648645289419711,0.0018199680077691542,0.8656851546628335,0.0008087201353888238,0.45108580377851526,0.0009690730060901525
0.0,0.012121212121212121,B,0.08143888674036609,0.002073100528713481,0.8641167014956586,0.000812594373869502,0.47277779411801224,0.0010772871141821385
0.0,0.012121212121212121,naive,0.8788414640155273,0.0008388155520278514,0.100352828757723,0.005141042115032241,0.48959714638662516,0.0023663369955778998
0.0,0.01616161616161616,A,0.03607326291821693,0.0019657878969764476,0.8645943691876633,0.0008421856563096056,0.4503338160529401,0.0010924968499620475
0.0,0.01616161616161616,B,0.09874229028485491,0.002123038697982818,0.8617191643720578,0.0008875075745260823,0.48023072732845634,0.0011461995325397299
0.0,0.01616161616161616,naive,0.8768542963377797,0.0008073080282085182,0.09677375574862986,0.0052299433810026885,0.48681402604320484,0.002490974562348028
0.0,0.0202020202020202,A,0.036466521695192905,0.0019346246339732233,0.8660846331104967,0.0008185462094631057,0.45127557740284474,0.0010545909317670056
0.0,0.0202020202020202,B,0.11729116239398554,0.002075860252300445,0.8611384814532562,0.0008699859912035035,0.4892148219236209,0.0011014314775195306
0.0,0.0202020202020202,naive,0.8775612598552331,0.0008557501874694765,0.09829967901036522,0.005259175898876367,0.48793046943279916,0.0024465589424250557
0.0,0.024242424242424242,A,0.03965060928522924,0.0021349754494890748,0.8666095041593448,0.0007826553020265695,0.45313005672228696,0.0011375910290125368
0.0,0.024242424242424242,B,0.13882527398078165,0.0021969274542474842,0.8597788588647935,0.0008327825016475688,0.4993020664227876,0.001136509198274218
0.0,0.024242424242424242,naive,0.8777454822249663,0.0008293050684681462,0.11153187429499255,0.0054837523021778745,0.49463867825997937,0.0025700256892480324
0.0,0.028282828282828285,A,0.037816666113113906,0.0019665335795007338,0.8651360819505065,0.0008304145475011622,0.45147637403181023,0.0010658188891689263
0.0,0.028282828282828285,B,0.15517820036322605,0.002174218657965259,0.8544232141054959,0.0009607651998309645,0.504800707234361,0.0011265772414838888
0.0,0.028282828282828285,naive,0.8778161022668255,0.0008062249221414353,0.09949253783126764,0.005015534542557703,0.48865432004904646,0.002339107883253796
0.0,0.03232323232323232,A,0.03937336691779181,0.00209711856928125,0.8670708652784868,0.0008775356071111228,0.4532221160981393,0.0011566543649241593
0.0,0.03232323232323232,B,0.1760479373553443,0.0022146929016533742,0.853460611108525,0.0010138678006022014,0.5147542742319346,0.0011792184419537552
0.0,0.03232323232323232,naive,0.8790071778456562,0.0008160989184842857,0.09816543874726466,0.005235063600731813,0.4885863082964603,0.0024813852963330558
0.0,0.03636363636363636,A,0.0418588665503741,0.0021642071210040137,0.8668816473812901,0.0008977614447468291,0.4543702569658322,0.0011433880456357428
0.0,0.03636363636363636,B,0.19717038383443491,0.0023942440483323813,0.8493179027342909,0.0010630899682630302,0.5232441432843629,0.0012093707918286968
0.0,0.03636363636363636,naive,0.8800467457618621,0.0007243305254168586,0.10430135556375612,0.005230924657413713,0.4921740506628091,0.002512920524962445
0.0,0.0404040404040404,A,0.04523792526760273,0.0023399033639772424,0.8644785443875249,0.0008148428501140517,0.4548582348275637,0.00120515516609584
0.0,0.0404040404040404,B,0.22113198017889857,0.002462754203854455,0.84108222918893,0.0010873143740043612,0.5311071046839143,0.0012216195401387436
0.0,0.0404040404040404,naive,0.8757541457997918,0.0008486921384744563,0.10887418118242756,0.005684239095421162,0.49231416349110974,0.002664490889380053
0.0,0.044444444444444446,A,0.04093021510335069,0.002139564674069851,0.8676178423909863,0.0008071688415930907,0.45427402874716855,0.0010978969421370753
0.0,0.044444444444444446,B,0.23801610134805656,0.0022166256035265133,0.8391252626767794,0.001056644401311127,0.538570682012418,0.0011010733215775215
0.0,0.044444444444444446,naive,0.8762972749366209,0.0009113494199158683,0.1031395347444714,0.005430902155150797,0.4897184048405461,0.002543250639144079
0.0,0.048484848484848485,A,0.04058095783957762,0.0020980660575109908,0.8638635762163202,0.0008753206669599126,0.45222226702794893,0.0011371703055352738
0.0,0.048484848484848485,B,0.26138553764581735,0.0022647217231879214,0.8287286300092224,0.0012309392443659527,0.5450570838275198,0.0010981424056912621
0.0,0.048484848484848485,naive,0.8785057186292855,0.0007722101125097625,0.09720983738159296,0.00503025876570321,0.4878577780054393,0.0023717771552401686
0.0,0.052525252525252523,A,0.043294753305130475,0.0022243216625707986,0.8639744570267777,0.0008333079487803602,0.45363460516595405,0.00119061475944612
0.0,0.052525252525252523,B,0.28699947000856896,0.002286175567446969,0.819712621744044,0.0012243597087904284,0.5533560458763066,0.0011252427957931521
0.0,0.052525252525252523,naive,0.8779901175794126,0.0007019467958947058,0.09891369466692693,0.004981334169385947,0.48845190612316985,0.0023780624326098505
0.0,0.05656565656565657,A,0.044409945448197756,0.002357749462571089,0.8649813002076924,0.000853641001331623,0.454695622827945,0.001239899650072176
0.0,0.05656565656565657,B,0.3116293303820552,0.0024466904379779582,0.8132021467785461,0.0013955491964194597,0.5624157385803007,0.001147193783791038
0.0,0.05656565656565657,naive,0.8799744593080535,0.0008262870896984529,0.10313076314506751,0.00536287265530061,0.4915526112265606,0.002505043490891947
0.0,0.06060606060606061,A,0.04378586970410165,0.00227967236773782,0.8653708535679872,0.0007747840600761905,0.4545783616360443,0.001232230040282502
0.0,0.06060606060606061,B,0.333897801197683,0.002394446739921692,0.8041288212719087,0.0012224041720209368,0.5690133112347958,0.0011177909411277977
0.0,0.06060606060606061,naive,0.8787370640938021,0.0007799306780203872,0.09674279803956058,0.0049367282628899455,0.4877399310666813,0.0023166720667566923
0.0,0.06464646464646465,A,0.04759360679365241,0.00249503999885049,0.8666948514498443,0.0007929881959913132,0.4571442291217484,0.0013460399476321308
0.0,0.06464646464646465,B,0.3605774184730939,0.002375365867530786,0.7939044254000445,0.0014551491160078984,0.5772409219365692,0.0011985386422151618
0.0,0.06464646464646465,naive,0.8779144740256055,0.0009481099770476061,0.10802494991487906,0.0055590529248990975,0.4929697119702422,0.0025606721530678114
0.0,0.06868686868686869,A,0.04847950533937821,0.0026177863119075805,0.8664812863289805,0.0008287627306200414,0.45748039583417927,0.0014057441070053662
0.0,0.06868686868686869,B,0.39049597312212425,0.0025167457208383594,0.7790260056244995,0.0017264098360300227,0.5847609893733119,0.0011379953830925982
0.0,0.06868686868686869,naive,0.8776824041855993,0.000881270576533574,0.10846351976378404,0.005374158463545149,0.4930729619746916,0.0025076836766156664
0.0,0.07272727272727272,A,0.05179850255567672,0.002718441282465853,0.8659890390254728,0.0008432546454618448,0.4588937707905748,0.001463220247830927
0.0,0.07272727272727272,B,0.4203553438756218,0.002394443623851582,0.7626017714724824,0.0020084368132668507,0.5914785576740522,0.0012105548892277227
0.0,0.07272727272727272,naive,0.8772106118693292,0.0009179323410907799,0.1105523909482893,0.005889868113876426,0.49388150140880926,0.0027374909073375367
0.0,0.07676767676767676,A,0.04586946326884599,0.0023364043227273824,0.864755658116811,0.0007933258763502992,0.4553125606928285,0.0012336912740876181
0.0,0.07676767676767676,B,0.43812220878759367,0.0026993651670828077,0.7469615629257086,0.002133073942499001,0.5925418858566512,0.0010423799852118257
0.0,0.07676767676767676,naive,0.877444324719807,0.0008772936854770877,0.09757224004920158,0.004823253251290249,0.4875082823845042,0.0022043862175255566
0.0,0.0808080808080808,A,0.05319382385230062,0.002799482719472206,0.8645581220383014,0.0008155366891395319,0.45887597294530097,0.0014758734033532006
0.0,0.0808080808080808,B,0.47460691360219137,0.002450298842450871,0.726542894844462,0.002361814515774948,0.6005749042233266,0.0012103249972954372
0.0,0.0808080808080808,naive,0.8771231702132716,0.0008282519907250164,0.11070382551238915,0.0057753813227959805,0.49391349786283034,0.0026768020837808185
0.0,0.08484848484848485,A,0.055910672769299244,0.0027431856699737687,0.8671292779979691,0.000708816202569495,0.46151997538363415,0.0014044295265062678
0.0,0.08484848484848485,B,0.5010362221307644,0.0027660432428045947,0.7103118050821715,0.002429975892055844,0.605674013606468,0.0011988306771259563
0.0,0.08484848484848485,naive,0.8772048756701878,0.0008973333579235487,0.11434583358291306,0.005290114664498029,0.4957753546265504,0.002468382664059312
0.0,0.08888888888888889,A,0.05586989718815193,0.002727515939003845,0.8657526490153543,0.0008170493973567113,0.4608112731017532,0.0013655459679384192
0.0,0.08888888888888889,B,0.5352904603400206,0.002656614847052934,0.6805161927344184,0.0029280353137543826,0.6079033265372196,0.001102769904699664
0.0,0.08888888888888889,naive,0.8774068807763084,0.0008411890773492227,0.10885972514554043,0.005411795830036847,0.4931333029609244,0.002513874352362846
0.0,0.09292929292929293,A,0.05309337615277991,0.002922104827561935,0.8650231697533854,0.000883352886264164,0.4590582729530827,0.001514112736155783
0.0,0.09292929292929293,B,0.5663331360142386,0.003142569737789627,0.6468430182595895,0.004276533896926469,0.606588077136914,0.0013292182258194632
0.0,0.09292929292929293,naive,0.8768547638234097,0.000869799810524303,0.10433242406950191,0.005599055641283821,0.4905935939464557,0.00260021073562708
0.0,0.09696969696969697,A,0.053249484229363785,0.0029981594088435196,0.8646085778994965,0.0008788943183091953,0.4589290310644302,0.0015720255261471663
0.0,0.09696969696969697,B,0.5983040511713682,0.0025820102099343295,0.6173833973525313,0.004120264368867411,0.6078437242619498,0.0013786262238486364
0.0,0.09696969696969697,naive,0.8782428124221915,0.0008498053825971743,0.10188128456067748,0.005353668317323952,0.49006204849143437,0.0024773172448372847
0.0,0.10101010101010101,A,0.05258237885553875,0.003047960102470399,0.8654309693141239,0.0008323026897433369,0.4590066740848313,0.0015274600955855428
0.0,0.10101010101010101,B,0.6385530702473377,0.002880693974897538,0.5668379115616358,0.0054092377669338245,0.6026954909044868,0.0017484070328647988
0.0,0.10101010101010101,naive,0.8780780286514751,0.0008635715716849085,0.09381381366146853,0.0051931351272097885,0.4859459211564719,0.002430853855426835
0.0,0.10505050505050505,A,0.059857755682037245,0.0029245658348570863,0.8659222912193758,0.0008511034911989389,0.4628900234507064,0.0014968208707801243
0.0,0.10505050505050505,B,0.6659263496491363,0.003160114992247162,0.53337717605924,0.006564973719617161,0.5996517628541882,0.002045278361911023
0.0,0.10505050505050505,naive,0.8774132821554597,0.0007719958607475833,0.10596854331648224,0.005067584746561766,0.4916909127359709,0.0024160817596831107
0.0,0.10909090909090909,A,0.06546766486534751,0.0032834792049185393,0.8634968159876126,0.0009058717356203704,0.46448224042648006,0.00165942414571667
0.0,0.10909090909090909,B,0.695334950258593,0.00298334006044944,0.493377127160484,0.007229170448080579,0.5943560387095385,0.0024601113030199412
0.0,0.10909090909090909,naive,0.878195047689793,0.0008676644750140668,0.11067336279546978,0.0053265680412628085,0.4944342052426313,0.0024896232108788914
0.0,0.11313131313131314,A,0.06583122125626588,0.0032537096134487194,0.8653880645801811,0.0008244348892372337,0.4656096429182235,0.0016767849799713018
0.0,0.11313131313131314,B,0.7246701720244789,0.0028491788910922607,0.4422551598794242,0.008429109377476443,0.5834626659519516,0.0030977210587463766
0.0,0.11313131313131314,naive,0.8773080660010946,0.0007902260137415899,0.10631398769066065,0.00513378390460085,0.4918110268458777,0.0024232331277973607
0.0,0.11717171717171718,A,0.06549600928585705,0.0034079516718466766,0.8649618134461301,0.0008555844213466641,0.46522891136599354,0.0016789055686320016
0.0,0.11717171717171718,B,0.748547621463388,0.002981993951402724,0.3971111459462868,0.009357851318458633,0.5728293837048374,0.0034365766438258323
0.0,0.11717171717171718,naive,0.8778086289458659,0.0008199372794313844,0.10697103805001175,0.005598090550461306,0.49238983349793886,0.002634538698148168
0.0,0.12121212121212122,A,0.06350011006617269,0.003197516516335478,0.8662947262620131,0.0007891879020967405,0.4648974181640928,0.001634281808557627
0.0,0.12121212121212122,B,0.7715214194735815,0.002752052690527976,0.3505475322566463,0.009605634605074746,0.561034475865114,0.0035886994098204344
0.0,0.12121212121212122,naive,0.8783238655160345,0.0009448971986466689,0.10614719159848444,0.005265691363455046,0.49223552855725955,0.00238331568790867
0.0,0.12525252525252525,A,0.06049175008239576,0.0031179759303212942,0.864921911843566,0.0009251474181990094,0.4627068309629809,0.0016335784492431324
0.0,0.12525252525252525,B,0.7962541371912368,0.002351199937494299,0.26955114486619713,0.010578517749757786,0.532902641028717,0.0042885557781992415
0.0,0.12525252525252525,naive,0.877790008536331,0.0007635716928967453,0.09051386999654759,0.004937123220832053,0.4841519392664393,0.0023460716971170623
0.0,0.1292929292929293,A,0.07283047399642978,0.003785957153624951,0.864147294579228,0.0008768374265096726,0.46848888428782887,0.0018671885184513724
0.0,0.1292929292929293,B,0.8099386167894751,0.0020044408057316673,0.2601199643779141,0.008892631152067506,0.5350292905836946,0.003635554824062737
0.0,0.1292929292929293,naive,0.8785071751690612,0.0008966510498673991,0.10153019341461604,0.005144004943174963,0.4900186842918386,0.002427913238318747
0.0,0.13333333333333333,A,0.07515056513865767,0.004039582896658903,0.8636755959341099,0.000864738245812708,0.4694130805363838,0.0019661075512137074
0.0,0.13333333333333333,B,0.8223696337881673,0.0018278495544354423,0.22489278723911432,0.009540751461686862,0.5236312105136407,0.004018222990339543
0.0,0.13333333333333333,naive,0.8772092429201731,0.0008761011522286881,0.1068893035289083,0.0055628077178621,0.49204927322454073,0.0025901783188283065
0.0,0.13737373737373737,A,0.0769290202677394,0.004183304651026978,0.8640672379647125,0.0008766163168565861,0.47049812911622596,0.0020678117340843503
0.0,0.13737373737373737,B,0.8308890038119714,0.0015769005939097914,0.2054807846968292,0.009395244584617025,0.5181848942544002,0.004047100428914856
0.0,0.13737373737373737,naive,0.8766486505837667,0.0008424474441084516,0.10664044496022825,0.006123963801366344,0.4916445477719975,0.002834024487872087
0.0,0.1414141414141414,A,0.07484352614300983,0.003980857266171562,0.8649783192015741,0.0007612142939148448,0.469910922672292,0.0019301548516011532
0.0,0.1414141414141414,B,0.8409312682263517,0.0012419412494647213,0.18460047892843445,0.0077080822595597415,0.512765873577393,0.0034267338122252237
0.0,0.1414141414141414,naive,0.8775011294425065,0.0009004830023969928,0.10082980427598404,0.005084603748231365,0.4891654668592453,0.0024095918946082026
0.0,0.14545454545454545,A,0.07964936781160131,0.004434109948816049,0.8650864518629368,0.0009283483453832798,0.47236790983726906,0.0021741223993706994
0.0,0.14545454545454545,B,0.8463145108366316,0.0013145261512715362,0.17380927499142607,0.008290894305048055,0.5100618929140288,0.003642103689766812
0.0,0.14545454545454545,naive,0.8768353745543713,0.0009163735752677624,0.1073247920555925,0.005500112626045312,0.4920800833049819,0.002541851875312018
0.0,0.1494949494949495,A,0.07610941679489573,0.004197288532640212,0.8625620156163885,0.0008340973052777556,0.4693357162056421,0.002007654727740745
0.0,0.1494949494949495,B,0.8550058866395065,0.0010287118001424955,0.15079063735958684,0.007255554566609706,0.5028982619995467,0.003288341771337653
0.0,0.1494949494949495,naive,0.8778192292400562,0.0007946382824507706,0.1006962059408843,0.005066783284193022,0.4892577175904702,0.0024218710623564402
0.0,0.15353535353535352,A,0.09436842746339835,0.0048804877390885,0.860885486415514,0.0009898728419075638,0.47762695693945617,0.0023356836119546713
0.0,0.15353535353535352,B,0.8584966847500732,0.00101991424343637,0.15516260278995492,0.00755076492241857,0.5068296437700142,0.003399219508833697
0.0,0.15353535353535352,naive,0.8765048775173813,0.0008868450539745722,0.11408190420882824,0.005806417809550895,0.4952933908631047,0.0026625235627188632
0.0,0.15757575757575756,A,0.09108673601434543,0.004956006189835879,0.862346586479938,0.0009084114308798074,0.4767166612471418,0.0023097324434407287
0.0,0.15757575757575756,B,0.8647509619018519,0.0007942002605735895,0.13877647995290107,0.006555673510895296,0.5017637209273765,0.003040375786145327
0.0,0.15757575757575756,naive,0.8772901798659593,0.0007808246762495114,0.1036660247752393,0.005398092724047026,0.4904781023205992,0.0025697208232328336
0.0,0.1616161616161616,A,0.1064859798236116,0.004949169736724442,0.861809585838198,0.00097587407582789,0.48414778283090487,0.0023301420663197295
0.0,0.1616161616161616,B,0.8672138106805078,0.0008244583488752709,0.14792658421291638,0.00654681788449986,0.5075701974467122,0.003062907581700159
0.0,0.1616161616161616,naive,0.877292231070802,0.0009082682142455972,0.11463680563181516,0.0055677575676540796,0.4959645183513086,0.0026530560380071855
0.0,0.16565656565656567,A,0.10309370135415839,0.005039731626471035,0.8595603894333341,0.000997099836470938,0.4813270453937462,0.0023162728514035036
0.0,0.16565656565656567,B,0.8734711233942847,0.0007794439482209711,0.1251609733886975,0.005823654964899723,0.499316048391491,0.0027021870246833795
0.0,0.16565656565656567,naive,0.8780115949870261,0.0009138413162521798,0.107454292491876,0.005098105391839812,0.4927329437394509,0.002357487526044116
0.0,0.1696969696969697,A,0.10213457782391924,0.005718897053272992,0.8606294290877085,0.0010736519610112898,0.48138200345581383,0.002608475677049216
0.0,0.1696969696969697,B,0.8763480931015585,0.0007862614113321909,0.11731820202992527,0.006262799062640453,0.49683314756574193,0.002920766901201177
0.0,0.1696969696969697,naive,0.8770462948045901,0.0009375923864721747,0.10564974801961251,0.005651671080231969,0.4913480214121013,0.002598700428226577
0.0,0.17373737373737375,A,0.10634983848776672,0.005502332145943279,0.8615656730208983,0.0009917885262587874,0.4839577557543325,0.0025768569057529164
0.0,0.17373737373737375,B,0.881299766950209,0.000645823225139147,0.11160929245155372,0.0057919709232454025,0.49645452970088144,0.0027431264999343307
0.0,0.17373737373737375,naive,0.8796744351758699,0.000762546230170038,0.10292894105121045,0.005311895679005884,0.4913016881135402,0.0025570923977348186
0.0,0.17777777777777778,A,0.11132566831116136,0.0061007597238591236,0.8584941855134387,0.001083909145278794,0.48490992691230006,0.0028238388856236005
0.0,0.17777777777777778,B,0.8820578011454157,0.0006318344290198069,0.10449064503954197,0.005525456674751433,0.4932742230924788,0.002643485545959579
0.0,0.17777777777777778,naive,0.875538754278066,0.0008859064871009094,0.10550217427143785,0.005501966884544618,0.490520464274752,0.002621809110264586
0.0,0.18181818181818182,A,0.10530371009383355,0.0057497151897274255,0.8599452223003134,0.0012600551308684495,0.48262446619707355,0.002573249656168975
0.0,0.18181818181818182,B,0.8860464534938073,0.0005977413810834869,0.09276161213460397,0.004755199206029523,0.48940403281420564,0.002253297919032753
0.0,0.18181818181818182,naive,0.8779234006873815,0.0008366302918816453,0.09499649961721653,0.004860908370596214,0.48645995015229915,0.002253636031116571
0.0,0.18585858585858586,A,0.12288537194186773,0.006367382602411953,0.8582597800892537,0.0011510036196342298,0.49057257601556065,0.0028901812500859224
0.0,0.18585858585858586,B,0.8888725763964673,0.0005841053219049244,0.09646446417471001,0.0052690823233730085,0.4926685202855887,0.0025546007142641367
0.0,0.18585858585858586,naive,0.8786709835577489,0.0009313646361503362,0.09990533251535991,0.005574512477417756,0.48928815803655445,0.0026645063394002268
0.0,0.1898989898989899,A,0.12327107519009585,0.006223406078128065,0.8576351633241963,0.0011699776795532568,0.490453119257146,0.0027702898156049074
0.0,0.1898989898989899,B,0.8901399089752553,0.0005394714488144448,0.08907359768361195,0.004874796913184397,0.4896067533294336,0.0023520572799976005
0.0,0.1898989898989899,naive,0.8773245220477816,0.0007523302167712706,0.09596996142776984,0.005139399891048435,0.48664724173777574,0.002471777034768081
0.0,0.19393939393939394,A,0.15031343699644723,0.007441421829945428,0.8546976955380237,0.0013578874345042118,0.5025055662672354,0.003260113281177122
0.0,0.19393939393939394,B,0.8920731971925272,0.0006306521624101294,0.10179802193369403,0.005404428266277268,0.4969356095631106,0.002560611492769881
0.0,0.19393939393939394,naive,0.8762271012556857,0.0009835568354854855,0.11381081575415855,0.006119031141508427,0.49501895850492217,0.002803671524516497
0.0,0.19797979797979798,A,0.1572319482726012,0.007517141638066596,0.8505160231483923,0.0014639222166339082,0.5038739857104968,0.003290577825685673
0.0,0.19797979797979798,B,0.8941510673888599,0.000636760035652056,0.0933967344013079,0.004985777656422091,0.4937739008950839,0.0023787408044055034
0.0,0.19797979797979798,naive,0.8771883238093426,0.0009257375361521185,0.10673615450128757,0.005767581443607031,0.49196223915531506,0.0026780250144174816
0.0,0.20202020202020202,A,0.17024238717724174,0.008671549096737598,0.8458346838099823,0.0023060368147073285,0.5080385354936121,0.0034929123206174635
0.0,0.20202020202020202,B,0.8974291794902303,0.000524226163608578,0.08445906385409538,0.004636522107699664,0.4909441216721628,0.002242956075931028
0.0,0.20202020202020202,naive,0.8786836480205618,0.0008140014048297012,0.09922939459194342,0.005417906531580559,0.48895652130625256,0.0025562461372446374
0.0,0.20606060606060606,A,0.17098110187662388,0.008131988411422117,0.8478841782000592,0.002095668067294663,0.5094326400383415,0.0033335680266297846
0.0,0.20606060606060606,B,0.8984285514873924,0.0005320857089181718,0.08500466773666913,0.004393224026232653,0.49171660961203073,0.002095908577637569
0.0,0.20606060606060606,naive,0.8772367316203148,0.0009427573173496516,0.10470749343740732,0.00541141816645711,0.49097211252886114,0.0024674591239781177
0.0,0.2101010101010101,A,0.19686014096857712,0.009187508301392066,0.839667913619738,0.0029976938804623507,0.5182640272941575,0.0035347550065206726
0.0,0.2101010101010101,B,0.9005503619344225,0.0004977267819430083,0.08723418670039852,0.004561751064130913,0.4938922743174105,0.0022132123876356232
0.0,0.2101010101010101,naive,0.8776116639916534,0.0008385195831401323,0.10792676968143705,0.005557589168343413,0.49276921683654523,0.002629192294266967
0.0,0.21414141414141413,A,0.20140865842010014,0.009288465985960958,0.8359832323404717,0.0047481302122335,0.518695945380286,0.0034781955864108052
0.0,0.21414141414141413,B,0.9016893835874918,0.0004892814622614341,0.08034760238558623,0.003971369893966881,0.4910184929865391,0.0019221412291983726
0.0,0.21414141414141413,naive,0.8762514953656386,0.0008905524563214048,0.10739028549087204,0.00529766008185473,0.4918208904282554,0.0024518136145301305
0.0,0.21818181818181817,A,0.21240106094719116,0.010030504463253652,0.8321525475523578,0.003673511979158772,0.5222768042497745,0.003651725681519957
0.0,0.21818181818181817,B,0.9040021911114638,0.00047099397856886457,0.07393885179993007,0.0038630613470515877,0.48897052145569686,0.0018829777608249756
0.0,0.21818181818181817,naive,0.8783020476968815,0.0008156458615995078,0.09652050408174365,0.005132308780575765,0.48741127588931266,0.002409352134740908
0.0,0.2222222222222222,A,0.23950274202267396,0.011368762088689918,0.8208708895665583,0.004536098424952277,0.5301868157946161,0.004071664965192137
0.0,0.2222222222222222,B,0.9045158696511457,0.0004674689595819655,0.0744181024234641,0.004343765395247673,0.4894669860373049,0.002127108891549103
0.0,0.2222222222222222,naive,0.8772947908456721,0.0008289111650635869,0.09960551143307061,0.0055581472096101,0.4884501511393713,0.0026329190183268522
0.0,0.22626262626262628,A,0.2778690779320689,0.011947808399814748,0.8065718812930921,0.005501274337230403,0.5422204796125805,0.0037951144581798973
0.0,0.22626262626262628,B,0.9064176928279681,0.00048125831304071204,0.07763840708067538,0.004180607018032217,0.49202804995432176,0.0020332294896720695
0.0,0.22626262626262628,naive,0.8772690537564,0.0008725040245064216,0.10410927492422965,0.005625867455658662,0.4906891643403148,0.0026009102896298684
0.0,0.23030303030303031,A,0.3268388320419622,0.012770974171578107,0.7758793781376956,0.008895309138247057,0.5513591050898289,0.003803401016556498
0.0,0.23030303030303031,B,0.9073223250455347,0.000472157285209419,0.07441164995880799,0.003909579303835647,0.49086698750217134,0.0019026524287829025
0.0,0.23030303030303031,naive,0.8770453162932533,0.0009165877568814201,0.10415182303947404,0.005289329719920231,0.4905985696663637,0.0024103040799188934
0.0,0.23434343434343435,A,0.3716124642638023,0.0132439002602476,0.7547371787442333,0.009186590751987569,0.5631748215040178,0.0036969141838307266
0.0,0.23434343434343435,B,0.909634231619409,0.00043467372598371965,0.07743142265968342,0.004088022651487246,0.49353282713954627,0.0019999950920469964
0.0,0.23434343434343435,naive,0.8781256857964895,0.0009532865026462612,0.10702968052500005,0.005844772484038903,0.49257768316074485,0.0026910814366774547
0.0,0.2383838383838384,A,0.40424160233261786,0.014872924210132012,0.719997148074923,0.011497343096660796,0.5621193752037704,0.003809171712283268
0.0,0.2383838383838384,B,0.9104852810669574,0.0004411806997758946,0.06684689652138567,0.0038132958297548455,0.48866608879417156,0.0018582018861373175
0.0,0.2383838383838384,naive,0.8788292661298333,0.0008837192195097605,0.09712239129145901,0.005394601507134156,0.4879758287106462,0.0024975442036362914
0.0,0.24242424242424243,A,0.4760106948720601,0.013995161587894659,0.6778103231579345,0.01287559382163828,0.5769105090149974,0.003741525731389734
0.0,0.24242424242424243,B,0.9107879581645187,0.0004539239140775856,0.08108572455959777,0.00406953789324761,0.49593684136205823,0.002002455849365291
0.0,0.24242424242424243,naive,0.8761486020170043,0.0009600362391857689,0.11980113920533551,0.005583349822371792,0.4979748706111698,0.0025795685451056737
0.0,0.24646464646464647,A,0.4943402368376073,0.015381860750580604,0.6531552436394944,0.013211216456510542,0.5737477402385508,0.003926703740734174
0.0,0.24646464646464647,B,0.9124314134481204,0.00042993118072155137,0.07487873280136208,0.003748164069977674,0.4936550731247412,0.0018512999850649968
0.0,0.24646464646464647,naive,0.8772914839653528,0.0008642491543991591,0.10899720535370318,0.005537504377761962,0.493144344659528,0.0026128510838522964
0.0,0.2505050505050505,A,0.5890200072645753,0.01291389083306125,0.5587762336388686,0.015602733704279085,0.573898120451722,0.004021940039307537
0.0,0.2505050505050505,B,0.9136130149603784,0.0003945194413251572,0.06864244067989093,0.0034985815395344195,0.49112772782013464,0.0017084411993232046
0.0,0.2505050505050505,naive,0.8778944498223764,0.0008279834638517041,0.10398198130815046,0.005365617913319972,0.49093821556526335,0.002472177254335491
0.0,0.2545454545454545,A,0.6242680999631569,0.012679280626591452,0.5290178579630832,0.014822765474530115,0.57664297896312,0.003695851191796025
0.0,0.2545454545454545,B,0.9138854841098402,0.0004144019432435108,0.07199558301517373,0.0037821150303748133,0.49294053356250694,0.0018601807308556363
0.0,0.2545454545454545,naive,0.877663608820111,0.0008374161714762234,0.11018094812760573,0.005562828228369978,0.4939222784738584,0.002619053316846776
0.0,0.2585858585858586,A,0.6495444093835258,0.012434758320661883,0.4894315542319154,0.01571937138515574,0.5694879818077205,0.0041349117830325145
0.0,0.2585858585858586,B,0.915223034906793,0.000388167343895952,0.06779086876031727,0.0034239960841091705,0.4915069518335551,0.0017088117128551432
0.0,0.2585858585858586,naive,0.8765212910152154,0.0008582114134925468,0.10722832214486779,0.0053903263906515805,0.4918748065800416,0.0025366991184371593
0.0,0.26262626262626265,A,0.7053391330643782,0.00951869540421494,0.42742887752110237,0.01458799078458561,0.5663840052927402,0.004154750405370695
0.0,0.26262626262626265,B,0.9159910175746533,0.00041925898519950557,0.06852663600907877,0.003537076595578333,0.4922588267918661,0.001740522467869863
0.0,0.26262626262626265,naive,0.8772897295210379,0.0008099674815741621,0.10621697485901933,0.005292040214436108,0.4917533521900286,0.0024931506686834363
0.0,0.26666666666666666,A,0.7297671591468229,0.009320119731446074,0.38010709605056564,0.01495188660573504,0.5549371275986943,0.004439637501980408
0.0,0.26666666666666666,B,0.9164273240012969,0.0003966914315146528,0.06568114716767885,0.0033979652277014794,0.4910542355844878,0.0016771042851224153
0.0,0.26666666666666666,naive,0.8766578305423292,0.0008806946497257404,0.10709111773723107,0.005322852096108252,0.49187447413978014,0.0024790893136968535
0.0,0.27070707070707073,A,0.7531740819169268,0.007311119771085852,0.360516547687186,0.013576113642904985,0.5568453148020563,0.00436013208384401
0.0,0.27070707070707073,B,0.9176920159444245,0.00042436853067243156,0.06915541527417128,0.0033258535639082306,0.49342371560929793,0.001638604899858851
0.0,0.27070707070707073,naive,0.8776525101363177,0.0008564354105478802,0.11310840189891397,0.005273247887744272,0.4953804560176159,0.0024721759188168226
0.0,0.27474747474747474,A,0.7817788474566165,0.0052564006287297285,0.298519411137738,0.012663213213279094,0.5401491292971773,0.0043652275411030055
0.0,0.27474747474747474,B,0.9180148345568813,0.0004159131610352009,0.061313795125348375,0.0031812828115878877,0.4896643148411149,0.0016076495326062892
0.0,0.27474747474747474,naive,0.8776971851755191,0.0008357414591572706,0.10040047126371592,0.005067613143638851,0.4890488282196175,0.0024299063183017395
0.0,0.2787878787878788,A,0.7927570036423478,0.004288279185664665,0.2895016370669585,0.011942562455151465,0.5411293203546532,0.00436818141776003
0.0,0.2787878787878788,B,0.9190157279684189,0.0004019910743736216,0.06532186296863446,0.0035747743321743195,0.49216879546852665,0.0017884237916093748
0.0,0.2787878787878788,naive,0.8776906410081489,0.0008016296552295193,0.10732503020726121,0.005593458735319742,0.49250783560770506,0.002671507350326204
0.0,0.2828282828282828,A,0.8032305364313581,0.0033386787974063387,0.2721673192458893,0.010932659185458346,0.5376989278386237,0.004115663895479093
0.0,0.2828282828282828,B,0.9192706772800385,0.0004182723060481963,0.0647882177074038,0.0032183294733612628,0.49202944749372124,0.0015951089346920115
0.0,0.2828282828282828,naive,0.8764468281808658,0.0008988854788566282,0.10855763673321679,0.0052888424307725185,0.49250223245704133,0.002472982558265875
0.0,0.2868686868686869,A,0.8136046103945014,0.002910774252498724,0.24976861200209782,0.010863779024993922,0.5316866111982995,0.004188408585077786
0.0,0.2868686868686869,B,0.9199851004399471,0.00036957991246508025,0.06638381691617791,0.0033586536332581816,0.4931844586780625,0.0016557120763334356
0.0,0.2868686868686869,naive,0.8767864842427611,0.0008523147099742006,0.11115212017272856,0.005643722684052297,0.4939693022077449,0.0026254118509295202
0.0,0.2909090909090909,A,0.823235580211985,0.0023744402535684577,0.2254349301851885,0.00979785692036841,0.5243352551985868,0.0039131361451646375
0.0,0.2909090909090909,B,0.9204253434812273,0.0004004973957783706,0.06196075837335835,0.003015879663008322,0.4911930509272927,0.0015168552560808936
0.0,0.2909090909090909,naive,0.8771051378021366,0.0008620846500254659,0.10286141504387586,0.005093238282324252,0.4899832764230062,0.0023735653180720654
0.0,0.29494949494949496,A,0.8285225699908915,0.002493158839396871,0.2102000788011987,0.01006179935609771,0.5193613243960451,0.004027200559208558
0.0,0.29494949494949496,B,0.9214061033437357,0.0003738798949834381,0.06062413915300041,0.0031024373541613096,0.491015121248368,0.0015445832715925154
0.0,0.29494949494949496,naive,0.8776144345382937,0.0008030466259322902,0.10335568071774198,0.0052782504352629775,0.49048505762801786,0.002475765930579943
0.0,0.298989898989899,A,0.8357300030633544,0.0019430421743941203,0.19594962066868163,0.009250404991143806,0.515839811866018,0.003859438868928337
0.0,0.298989898989899,B,0.9217274199053361,0.0003506502321540168,0.06169533721131449,0.0030648793194279827,0.4917113785583254,0.001528483355695976
0.0,0.298989898989899,naive,0.8770405698786575,0.0008263658981609731,0.10614426437165213,0.0051780868229221065,0.49159241712515483,0.0024218640239842583
0.0,0.30303030303030304,A,0.8439488334745939,0.001510140030380406,0.16609132616401276,0.008874598946197026,0.5050200798193033,0.0038223869441655223
0.0,0.30303030303030304,B,0.9229185086834115,0.00036435253673163724,0.05350059879018994,0.003115634030303607,0.4882095537368007,0.0015508313516143673
0.0,0.30303030303030304,naive,0.8783766965085854,0.0008174717778080663,0.09279734114014822,0.0052053083072773915,0.4855870188243669,0.0024511660896919764
0.0,0.30707070707070705,A,0.8465395433813572,0.0014025116771203788,0.18004492921337437,0.007837300455552525,0.5132922362973658,0.003417690477936065
0.0,0.30707070707070705,B,0.9235750789158576,0.00037419389118519285,0.06025741117146256,0.0030700873903180595,0.49191624504366005,0.0015386774900145862
0.0,0.30707070707070705,naive,0.8783829298907435,0.000826875044053881,0.10603798274597029,0.005062707062000445,0.49221045631835686,0.0024194326800317085
0.0,0.3111111111111111,A,0.8505747764211381,0.001434738606761916,0.17048715978444393,0.008160496670406438,0.510530968102791,0.003519217530966487
0.0,0.3111111111111111,B,0.9239418838511928,0.0003450289180533484,0.05887568886103596,0.0032374496960468277,0.49140878635611435,0.0015983332881458596
0.0,0.3111111111111111,naive,0.8782484180984218,0.0008048555904396294,0.10502523266071602,0.005619558222977871,0.4916368253795689,0.002637038277701962
0.0,0.3151515151515151,A,0.8535608097025777,0.0011972833702707012,0.1584362320108854,0.007860095810045216,0.5059985208567316,0.003493067148940974
0.0,0.3151515151515151,B,0.924172419994686,0.00034061552620161766,0.05832467538301025,0.0030180582170789456,0.49124854768884807,0.0015287968547752083
0.0,0.3151515151515151,naive,0.8775966932413098,0.000802023594732958,0.10381501034791078,0.00532924695563237,0.49070585179461035,0.0025302709440053715
0.0,0.3191919191919192,A,0.8576016269209346,0.0010344902898509361,0.1577852449667126,0.006907214042592076,0.5076934359438237,0.003106322945162881
0.0,0.3191919191919192,B,0.9248305480938268,0.0003523845711084923,0.05926000231920733,0.0027600874625423226,0.4920452752065171,0.0013869976866534013
0.0,0.3191919191919192,naive,0.8785847035836528,0.0007555709874806412,0.10761213342532672,0.004678027051816246,0.49309841850448977,0.002234142706822572
0.0,0.3232323232323232,A,0.8595488447733598,0.0011380082462529887,0.16072507793188834,0.0074975399160541805,0.5101369613526241,0.0033160577768240277
0.0,0.3232323232323232,B,0.9250283852103298,0.00035810631386278533,0.06376789460672755,0.0033155468630309414,0.4943981399085287,0.0016450837295621803
0.0,0.3232323232323232,naive,0.8776900299902144,0.0008439108461865441,0.11615297674748501,0.005592005642529663,0.4969215033688497,0.0026004979224965715
0.0,0.32727272727272727,A,0.8630921025678859,0.0009620764894476681,0.14418779611815438,0.006489200421634633,0.5036399493430201,0.0029060588995355285
0.0,0.32727272727272727,B,0.9258770606884725,0.0003368107159478392,0.05619739744337812,0.0027431273913646457,0.4910372290659254,0.0013526344444717623
0.0,0.32727272727272727,naive,0.8785026161719669,0.0008101618588805919,0.10570868036684872,0.0049073786596154105,0.49210564826940784,0.0022760973084162027
0.0,0.33131313131313134,A,0.8638846816884955,0.0009886728328486183,0.1330496519523118,0.006553869149324381,0.4984671668204037,0.0029315306116758167
0.0,0.33131313131313134,B,0.9251789731238894,0.00035940905896883436,0.05487588918727106,0.002819640180361834,0.49002743115558034,0.001397566586950344
0.0,0.33131313131313134,naive,0.8761199531680279,0.0008884974119176154,0.09934970088514092,0.005121807041281618,0.48773482702658427,0.0023765146975181103
0.0,0.33535353535353535,A,0.8675660162973322,0.0008960594503501785,0.1388680165424296,0.006476826567445579,0.503217016419881,0.0029430299694921127
0.0,0.33535353535353535,B,0.9265023103023344,0.0003621079232812674,0.05793378666662443,0.0029581251235508014,0.4922180484844795,0.001475393994102453
0.0,0.33535353535353535,naive,0.8773046104494497,0.0008412132250839385,0.11069416954535359,0.005415208396054696,0.4939993899974017,0.002534764272866251
0.0,0.3393939393939394,A,0.8704468505238258,0.0008918288206678598,0.1267877286447606,0.006195477063090862,0.4986172895842931,0.0028256581649914224
0.0,0.3393939393939394,B,0.9271682263609747,0.00035455581788024427,0.05427335097923652,0.002712834626018261,0.4907207886701056,0.00134780192299471
0.0,0.3393939393939394,naive,0.8785997844313322,0.0008454003285479851,0.09919951495126877,0.005136044796284786,0.4888996496913006,0.0024147122701497653
0.0,0.3434343434343434,A,0.8721464473900249,0.0008639376678808557,0.12152688416001489,0.006468639700813887,0.49683666577501995,0.0029799014175336475
0.0,0.3434343434343434,B,0.9270884997832076,0.0003941692539108872,0.05563763493079723,0.003055825218756015,0.49136306735700247,0.0015016372029799036
0.0,0.3434343434343434,naive,0.8773198171176162,0.0009031839758111244,0.1048913081015187,0.005542261515792993,0.4911055626095674,0.0025948887388574115
0.0,0.3474747474747475,A,0.8747905477711917,0.0008944393809372771,0.11751213862152354,0.006445397678507021,0.4961513431963576,0.0029381907020576436
0.0,0.3474747474747475,B,0.9277287077838875,0.0003647013130539423,0.05470352285435208,0.003043732532913566,0.4912161153191197,0.0014975501602271745
0.0,0.3474747474747475,naive,0.8789850147399869,0.0008616568329969053,0.09989896459416162,0.005517197885309856,0.4894419896670743,0.0025767286410304296
0.0,0.3515151515151515,A,0.8767444824824117,0.0008070486149098598,0.11144707102272305,0.0060022486740110145,0.4940957767525673,0.0027772529159920643
0.0,0.3515151515151515,B,0.9281575346222966,0.0003586881568995205,0.05074283651736696,0.0028336361427577696,0.4894501855698317,0.001409537895756112
0.0,0.3515151515151515,naive,0.8784423073624517,0.0008993274529461929,0.09740118980151122,0.005317079225923118,0.4879217485819815,0.002492879313236089
0.0,0.35555555555555557,A,0.878308062430061,0.0007073012069032764,0.11240006773017203,0.005544853749194961,0.4953540650801165,0.002623106827389964
0.0,0.35555555555555557,B,0.9284084527831555,0.0003664301408268857,0.05453916895812961,0.0027819180589961873,0.4914738108706425,0.0014063277887691667
0.0,0.35555555555555557,naive,0.8786425190345605,0.0008461350064967773,0.10066177037812843,0.005051873093765239,0.48965214470634444,0.0023994600880258487
0.0,0.3595959595959596,A,0.8792355677359477,0.0007012802530536075,0.12335700421294415,0.005505099213505338,0.501296285974446,0.00256515125397878
0.0,0.3595959595959596,B,0.928509265655463,0.00032732632314708024,0.05952428641138438,0.0027866294558522293,0.4940167760334237,0.0013996847662091578
0.0,0.3595959595959596,naive,0.8772277396568654,0.0008137827512018807,0.11373406778224447,0.005212469957798753,0.49548090371955494,0.002436162380155505
0.0,0.36363636363636365,A,0.8810298191260694,0.0007044581973944484,0.11024346857716942,0.0056967217440771776,0.4956366438516194,0.002674361172256256
0.0,0.36363636363636365,B,0.9287973105304692,0.0003614104384233094,0.05383887215929915,0.0028483074371585997,0.4913180913448843,0.0014291415655463698
0.0,0.36363636363636365,naive,0.8779785700734127,0.0007814938137352585,0.10327351823154717,0.00518227899722706,0.4906260441524799,0.0024743075729328832
0.0,0.36767676767676766,A,0.882090332969179,0.0006469067730379361,0.11181311244354766,0.005356002776079375,0.49695172270636334,0.0025366082369360056
0.0,0.36767676767676766,B,0.9290782895406129,0.0003330802152368227,0.055748325913329254,0.002773171308845871,0.49241330772697106,0.0013875045301365945
0.0,0.36767676767676766,naive,0.8775651070172197,0.0008685093816502884,0.10792381530421245,0.0051821524631942536,0.4927444611607161,0.002415185289048028
0.0,0.3717171717171717,A,0.8842118836975149,0.0006379752869371366,0.10662283101853744,0.005434979788088475,0.49541735735802606,0.0025766890611221022
0.0,0.3717171717171717,B,0.9295042286351035,0.0003526393053637604,0.053208897118938836,0.0029067200753556317,0.4913565628770212,0.0014597967115759388
0.0,0.3717171717171717,naive,0.8772763947013645,0.0008525581769227589,0.10494914680336381,0.005350078685286925,0.49111277075236415,0.0025003488216123852
0.0,0.37575757575757573,A,0.8857395020163876,0.00062713866377546,0.10607352133366386,0.005507410466238467,0.4959065116750257,0.0025784290443925896
0.0,0.37575757575757573,B,0.9295245078896534,0.00030759836198037294,0.05474377308737278,0.002898311635351181,0.4921341404885131,0.0014338190792266405
0.0,0.37575757575757573,naive,0.8781951221695892,0.0008575982737369603,0.10662777976880922,0.005556729311932139,0.49241145096919925,0.0025545144118583234
0.0,0.3797979797979798,A,0.8866026031455572,0.0006700334257594767,0.1048976048188028,0.005495145523019636,0.49575010398218006,0.0025653217551328262
0.0,0.3797979797979798,B,0.9299303115820379,0.00036001416890686226,0.053619978263885384,0.0028861853528942168,0.4917751449229617,0.0014392090615879356
0.0,0.3797979797979798,naive,0.8761889374491361,0.0009073300040086263,0.10939322295491484,0.0056844797102753655,0.49279108020202544,0.002614168275352747
0.0,0.3838383838383838,A,0.8878262261932451,0.000589707310737548,0.1009404120295348,0.004852648199315409,0.49438331911138994,0.0023194914439678446
0.0,0.3838383838383838,B,0.9300681411333892,0.00033540349509708075,0.052712996279902544,0.0026770112056845982,0.4913905687066459,0.0013411798280100972
0.0,0.3838383838383838,naive,0.8768325058211272,0.0008654339599786953,0.10574826954013833,0.005155209357705371,0.4912903876806328,0.002409570055839442
0.0,0.3878787878787879,A,0.8902592355914817,0.0006356979279443434,0.09670649175893167,0.00475551095690837,0.4934828636752068,0.0022266073679777696
0.0,0.3878787878787879,B,0.9308789222473292,0.00037449052600548234,0.05058927087806525,0.0026053401638683198,0.4907340965626971,0.0012894145820113421
0.0,0.3878787878787879,naive,0.8783285803137685,0.0008710853911626946,0.10398176203035106,0.005022872557598319,0.49115517117205976,0.002315916526234538
0.0,0.39191919191919194,A,0.890679280316828,0.0005738771021168039,0.08852178451675162,0.004719391484803618,0.4896005324167898,0.0022620183360247716
0.0,0.39191919191919194,B,0.9303298208665086,0.0003397430144212335,0.04652693890680117,0.002567684071948647,0.4884283798866549,0.001289809943311227
0.0,0.39191919191919194,naive,0.8765982941257837,0.0008679929059972186,0.09812769951060141,0.005259843988084999,0.4873629968181926,0.00246178798263084
0.0,0.39595959595959596,A,0.8920915543932072,0.0005472053105099567,0.0914332959028282,0.0045864297381982295,0.4917624251480177,0.0022165718510270024
0.0,0.39595959595959596,B,0.9306902442252035,0.0003296579216731416,0.049623501052496605,0.0026261477205680706,0.49015687263885005,0.0013271896000207274
0.0,0.39595959595959596,naive,0.8777339665968336,0.0008186049609435511,0.10081083990110859,0.005018659658395545,0.48927240324897114,0.002365025674602392
0.0,0.4,A,0.8937158791770744,0.0005508531560991024,0.09506691158289478,0.005044191914259702,0.49439139537998456,0.002433603849900592
0.0,0.4,B,0.9317142992308802,0.00035148975469614544,0.05235601949527366,0.002819031530167004,0.49203515936307696,0.0014229850604207497
0.0,0.4,naive,0.8783019496830728,0.0007856449377743173,0.10689854774521386,0.0055180969665850595,0.4926002487141433,0.0026231437987539346
0.1,0.0,A,0.08708166774924156,0.0030650722411861087,0.8668682929773582,0.00083222487045915,0.4769749803632999,0.0016241190864620476
0.1,0.0,B,0.08708166774924156,0.0030650722411861087,0.8668682929773585,0.00083222487045915,0.4769749803632999,0.0016241190864620478
0.1,0.0,naive,0.8691060068193979,0.0011169010312416655,0.24626794621124865,0.008019589163866352,0.5576869765153234,0.0036574752943353698
0.1,0.00404040404040404,A,0.08867880574226054,0.002930261969163438,0.8657349753202861,0.0008365359412678599,0.4772068905312733,0.0015653013049014325
0.1,0.00404040404040404,B,0.10333343792055881,0.0030050611025564176,0.8659945692067268,0.0008313112184106552,0.4846640035636429,0.0016050387250493305
0.1,0.00404040404040404,naive,0.868920230859414,0.0011759233628369594,0.2441569859013853,0.007841010989241084,0.5565386083803996,0.003541164515716848
0.1,0.00808080808080808,A,0.0882543246582018,0.0030220415975748247,0.8661859029319601,0.0008311514699074277,0.47722011379508095,0.0015959187684225077
0.1,0.00808080808080808,B,0.11907739727051644,0.0030574697623074586,0.8663359796088431,0.0008456624848861351,0.4927066884396798,0.0016182399244383553
0.1,0.00808080808080808,naive,0.8695644770234996,0.001082760513464128,0.2345780215693045,0.007765191570274628,0.5520712492964021,0.00355600137471742
0.1,0.012121212121212121,A,0.0918634145221732,0.003083425563930795,0.8662701183534273,0.0008733571518922552,0.4790667664378002,0.0015623449201788472
0.1,0.012121212121212121,B,0.13925280706188803,0.003075415733470713,0.8661288329729799,0.0008833345138724178,0.502690820017434,0.001557237788780265
0.1,0.012121212121212121,naive,0.8704495741632033,0.0010183733026990329,0.2448493890829014,0.006970386610809174,0.5576494816230524,0.0032092923401060083
0.1,0.01616161616161616,A,0.0909333823385402,0.0031779867515676686,0.8642874667420952,0.0008781120715477031,0.47761042454031766,0.0016130402416658423
0.1,0.01616161616161616,B,0.15446243640876656,0.0031882088605569474,0.863076577566857,0.0008959948363956459,0.5087695069878118,0.0016234044701471755
0.1,0.01616161616161616,naive,0.8682095897187636,0.001140803270622918,0.2409065899244597,0.007365947286001143,0.5545580898216117,0.003308291843097117
0.1,0.0202020202020202,A,0.09234392011427643,0.0032985957156427934,0.8648748985424338,0.0008998783968214133,0.4786094093283551,0.0017689855516052541
0.1,0.0202020202020202,B,0.17404614290428996,0.0031948347480285654,0.8620315407124045,0.0009218876382337573,0.5180388418083471,0.0017156962761187952
0.1,0.0202020202020202,naive,0.8700667436732956,0.0010830422205124872,0.23426746994036324,0.007729106711867055,0.5521671068068295,0.0035479624388501598
0.1,0.024242424242424242,A,0.09349196319118931,0.003452960170550083,0.8661105126171472,0.0007921262186957216,0.4798012379041682,0.0017636147104788222
0.1,0.024242424242424242,B,0.19132809986958135,0.003499653282205712,0.8615258601256188,0.0008622217898472492,0.5264269799976001,0.0017712370552688745
0.1,0.024242424242424242,naive,0.8705393925330952,0.0009739523239105925,0.23004939320001624,0.007584592131903357,0.5502943928665558,0.0035079388359378575
0.1,0.028282828282828285,A,0.1003734062490528,0.003139644680786688,0.8673649843188194,0.0008496711167384979,0.48386919528393607,0.0016580621426968084
0.1,0.028282828282828285,B,0.21591143386845488,0.0029754233485416457,0.8607283121101378,0.0008839976262396508,0.5383198729892963,0.0015522575889532126
0.1,0.028282828282828285,naive,0.869235875594396,0.0011482262137067802,0.2534047902672103,0.007161091389832122,0.5613203329308032,0.0032080970605934908
0.1,0.03232323232323232,A,0.10357225020743613,0.003296248175298139,0.8651295121503821,0.000892006510466929,0.4843508811789091,0.001715939317757182
0.1,0.03232323232323232,B,0.23649546802531896,0.0032240485475053295,0.8552058205993069,0.0009728599317447715,0.545850644312313,0.00163504430004875
0.1,0.03232323232323232,naive,0.8687036211042559,0.0011380199557775893,0.2514495381081109,0.007183915450951626,0.5600765796061835,0.003247342619298832
0.1,0.03636363636363636,A,0.10589607931203127,0.0036322321958267745,0.8664626852934628,0.0009064113719903585,0.48617938230274704,0.0018728488978521952
0.1,0.03636363636363636,B,0.25770241555230733,0.0034192564620965,0.8528834531556666,0.0010042124572658391,0.555292934353987,0.0017590126106419139
0.1,0.03636363636363636,naive,0.8699931664276278,0.001070293183395621,0.2473333682669766,0.0075408381681204145,0.5586632673473021,0.0034452593858530904
0.1,0.0404040404040404,A,0.09648218954652574,0.003702470452552869,0.8653361938324147,0.0008794876270914311,0.4809091916894703,0.0018823205265496691
0.1,0.0404040404040404,B,0.26995784627460134,0.0035058985414676866,0.8468827824788849,0.0010751041731668263,0.5584203143767431,0.0017603561593751292
0.1,0.0404040404040404,naive,0.8713293016913255,0.0010659269857509713,0.22822592423708352,0.00788769329532186,0.5497776129642046,0.003610891825630898
0.1,0.044444444444444446,A,0.10031363214594395,0.0035374018197298607,0.8671334964841858,0.0008674530633064891,0.4837235643150649,0.0018121532661605933
0.1,0.044444444444444446,B,0.29129550264420184,0.003314346325447762,0.8440699899912306,0.0010442932397794257,0.5676827463177162,0.0016645920182354866
0.1,0.044444444444444446,naive,0.8703005703745206,0.0010176155950547769,0.23447810087593218,0.007396171008227565,0.5523893356252265,0.003435497509766915
0.1,0.048484848484848485,A,0.10523411661503829,0.003575744464403198,0.8656352625677144,0.0008067962347730104,0.4854346895913764,0.0018218812268522833
0.1,0.048484848484848485,B,0.3180855476167541,0.003278783421105485,0.8361458804808315,0.0010887171568788497,0.5771157140487928,0.0016428787086253628
0.1,0.048484848484848485,naive,0.8721816843612732,0.0010155405860907472,0.23903678182079338,0.007106282322993657,0.5556092330910332,0.003292301748459676
0.1,0.052525252525252523,A,0.10728542914702512,0.0038546877052118406,0.8663021385592004,0.0009064987825022415,0.48679378385311267,0.0019738136567945532
0.1,0.052525252525252523,B,0.3399505540923975,0.0033148047693832474,0.8291323803872831,0.0012657819455103314,0.5845414672398404,0.0016835816320759523
0.1,0.052525252525252523,naive,0.8696200593119211,0.0011183165658183029,0.2402111290335413,0.007551023442083859,0.5549155941727313,0.00341423585660446
0.1,0.05656565656565657,A,0.11324553009676162,0.004023049039249524,0.8665987214793927,0.0008039843699632493,0.4899221257880771,0.002040153643565712
0.1,0.05656565656565657,B,0.3662471667897123,0.0032623287699566988,0.8224397335208303,0.001302151562469972,0.5943434501552712,0.0016365969136373495
0.1,0.05656565656565657,naive,0.8693547173993084,0.00120631678069772,0.2488216416104634,0.00772420822343142,0.5590881795048859,0.003493344009340079
0.1,0.06060606060606061,A,0.10913568191826858,0.003623984780534463,0.8654021708196373,0.0008134248540630276,0.48726892636895286,0.001868218235456462
0.1,0.06060606060606061,B,0.384729734455118,0.0029178967289226793,0.8123922860768537,0.0012973399844654224,0.5985610102659858,0.0015159831236951059
0.1,0.06060606060606061,naive,0.8703026922263557,0.0010094697562179557,0.24030167700690883,0.007043276875440867,0.5553021846166323,0.0032650065620009883
0.1,0.06464646464646465,A,0.11509496723979647,0.004282249593381022,0.8662790877659196,0.0009121845780082049,0.4906870275028579,0.002218341070553606
0.1,0.06464646464646465,B,0.4137639166394274,0.003200502693676662,0.8016787420698708,0.0015771289382299535,0.6077213293546491,0.00171879626660955
0.1,0.06464646464646465,naive,0.8698676239921653,0.0010912938738108534,0.2425953663686883,0.00790636002136645,0.5562314951804269,0.0036069947315149975
0.1,0.06868686868686869,A,0.11459782930056832,0.003706057464716412,0.8663961056243267,0.0008695710242818654,0.4904969674624475,0.0019082708931267322
0.1,0.06868686868686869,B,0.43352049222855066,0.0029042821198991984,0.7921041895991769,0.0016244642304742692,0.6128123409138637,0.0015312961221490436
0.1,0.06868686868686869,naive,0.8699746804706975,0.0010052130173258673,0.24236081101330945,0.007373890724451361,0.5561677457420034,0.00339254711959537
0.1,0.07272727272727272,A,0.11617472587928752,0.004191058069263478,0.866899545437639,0.0008691215658659006,0.4915371356584633,0.002186813679150057
0.1,0.07272727272727272,B,0.45801821587212244,0.0029950678386154515,0.779740052812117,0.0018080669638478452,0.6188791343421198,0.0015763336797393426
0.1,0.07272727272727272,naive,0.8704293808751394,0.0010615976274775392,0.24159154621737372,0.007861702903253557,0.5560104635462566,0.003586383143954396
0.1,0.07676767676767676,A,0.11877600534844084,0.0043070068766504505,0.8661305060184037,0.0009261442287062608,0.4924532556834223,0.002201279025727521
0.1,0.07676767676767676,B,0.4818824818748545,0.0030945852582490523,0.7637265760870947,0.0019674883355313014,0.6228045289809746,0.0016668074198815282
0.1,0.07676767676767676,naive,0.8696256720592322,0.0011689315357685073,0.23657708167525743,0.007764755817250919,0.5531013768672447,0.0035711653492105882
0.1,0.0808080808080808,A,0.12087109560253392,0.004017673487741079,0.8664083045712637,0.00080782070031995,0.49363970008689884,0.002083759014010159
0.1,0.0808080808080808,B,0.5130499211217148,0.00254672565574306,0.7456513790277648,0.002492878809920559,0.6293506500747398,0.0014613200319862475
0.1,0.0808080808080808,naive,0.8706445756659776,0.001025837940858678,0.23957543315629443,0.007306571256807697,0.5551100044111361,0.0033585109422158087
0.1,0.08484848484848485,A,0.12444969049006613,0.004517908528192819,0.8669358900282762,0.0007888199254773577,0.4956927902591712,0.0023195213357199433
0.1,0.08484848484848485,B,0.534771118912456,0.0028436855798105866,0.73264259485469,0.002289552121000067,0.633706856883573,0.0015878061298820409
0.1,0.08484848484848485,naive,0.8685971992531759,0.0011171017854369012,0.2421865620928093,0.0076585456571821664,0.5553918806729926,0.003495280322294894
0.1,0.08888888888888889,A,0.12564417594445076,0.004089888915014391,0.8661471846820256,0.0008989747387706375,0.49589568031323805,0.00208788883325031
0.1,0.08888888888888889,B,0.5626460964217641,0.0024794737848139853,0.7077424728624682,0.00282187646796267,0.635194284642116,0.001363263997664003
0.1,0.08888888888888889,naive,0.8694105488632516,0.0009857297365952308,0.23842445652038272,0.006749105663777157,0.5539175026918172,0.0031164015640431264
0.1,0.09292929292929293,A,0.12865701453029035,0.004672470645355849,0.8665445555642441,0.0007499008426040981,0.4976007850472673,0.002381594010793634
0.1,0.09292929292929293,B,0.5891305281118994,0.002525714237093301,0.6877154680756195,0.003081313020496074,0.6384229980937595,0.0016169563270870037
0.1,0.09292929292929293,naive,0.8699464209012983,0.0011401636770550004,0.23903048651796624,0.007907940981596693,0.5544884537096322,0.0036186345251967337
0.1,0.09696969696969697,A,0.1354974652122082,0.0047679241967182985,0.8668894777322638,0.0007935300104335413,0.501193471472236,0.0023817345680665018
0.1,0.09696969696969697,B,0.6174849739567057,0.0023517806059072024,0.6658166722232189,0.0034440576695441844,0.6416508230899624,0.0015885586509572242
0.1,0.09696969696969697,naive,0.8703234321100817,0.0011245853277803456,0.24155676283997735,0.0075719649747679986,0.5559400974750297,0.0034784175433559884
0.1,0.10101010101010101,A,0.13942197358871827,0.004699718576653075,0.8648343063347333,0.0008763082432400836,0.5021281399617258,0.002365425475688582
0.1,0.10101010101010101,B,0.6431210818359743,0.0024253478171689605,0.6354627077247078,0.004318211877352026,0.639291894780341,0.0017740735352989034
0.1,0.10101010101010101,naive,0.8697214596519274,0.0011659130616608214,0.24678920426087492,0.007146630441017741,0.5582553319564011,0.0032199161260015306
0.1,0.10505050505050505,A,0.14843490994220856,0.00469315622570091,0.8651050097234565,0.0008225861639713372,0.5067699598328326,0.0023495650732693395
0.1,0.10505050505050505,B,0.6622101170261294,0.002194243354688336,0.6200257501569577,0.004624865390967596,0.6411179335915436,0.0018955619939322248
0.1,0.10505050505050505,naive,0.8676934420074979,0.0010765458788627607,0.25757523376861147,0.007287132255149233,0.5626343378880546,0.0033215240855570213
0.1,0.10909090909090909,A,0.14822050545219748,0.004879196032696454,0.8649342075489739,0.0008519742143936392,0.5065773565005857,0.0024197435704193357
0.1,0.10909090909090909,B,0.6888536189064309,0.002434111469750107,0.587762552825788,0.005301510591788299,0.6383080858661094,0.0019797253539104187
0.1,0.10909090909090909,naive,0.8692351704360681,0.0010803486694522775,0.24699549688207084,0.007161233466843388,0.5581153336590695,0.0032737745628664307
0.1,0.11313131313131314,A,0.14958626373014017,0.005525658963389786,0.8653659923329258,0.0008873576573791731,0.507476128031533,0.0027350563459272855
0.1,0.11313131313131314,B,0.715962160525427,0.0024828612429762167,0.5417381783365129,0.007672783451864919,0.62885016943097,0.0029240197358422274
0.1,0.11313131313131314,naive,0.869062845215904,0.0010838631136841515,0.24251744339646933,0.008230804739594446,0.5557901443061867,0.0037527708230794105
0.1,0.11717171717171718,A,0.15232933996215509,0.0053277071627261105,0.8649726199094002,0.0008630657174775662,0.5086509799357777,0.0026857532479640325
0.1,0.11717171717171718,B,0.7386023818453831,0.0023779699516485596,0.5053996508510596,0.007798683328230116,0.6220010163482214,0.0030608024597535595
0.1,0.11717171717171718,naive,0.8703690332696163,0.0009505472110657965,0.23407290132089423,0.0074670994518453515,0.5522209672952553,0.003487713921050614
0.1,0.12121212121212122,A,0.1567727276257444,0.005537677665730306,0.8644034506963729,0.0008080124809040833,0.5105880891610586,0.0027464291667193487
0.1,0.12121212121212122,B,0.7543456533404469,0.002268463651630368,0.48218600070482537,0.008364267424440863,0.6182658270226361,0.003355845652049943
0.1,0.12121212121212122,naive,0.8696912767723566,0.001115828115616267,0.2381917362210465,0.007534728788499009,0.5539415064967016,0.0034963687975298344
0.1,0.12525252525252525,A,0.16149193122256825,0.005266549469712468,0.8621600588114507,0.0008877778887535009,0.5118259950170095,0.002554003271511302
0.1,0.12525252525252525,B,0.7720192534739664,0.0021358112988965807,0.45039986196775716,0.008913270173027158,0.6112095577208617,0.003619115894890148
0.1,0.12525252525252525,naive,0.8695000424377757,0.001031601735661917,0.2406478342760252,0.0072720649417444055,0.5550739383569003,0.0033459018185583644
0.1,0.1292929292929293,A,0.16994592742050926,0.005675910205364956,0.8649530108006631,0.0008910322074927593,0.5174494691105862,0.0027760607649917014
0.1,0.1292929292929293,B,0.7845116057313283,0.001955831908333706,0.44230031856771995,0.008148905388839868,0.613405962149524,0.0033329232392953594
0.1,0.1292929292929293,naive,0.8688988043431455,0.0011383597204009314,0.2508921143984397,0.007104428503039311,0.5598954593707927,0.0032030747131540412
0.1,0.13333333333333333,A,0.1726537507343424,0.006064738216391513,0.8618831222908598,0.0008962666684360162,0.5172684365126011,0.00301667515849904
0.1,0.13333333333333333,B,0.8003136428167039,0.0019398977855544116,0.39566714193714264,0.010290340633782296,0.5979903923769233,0.00437583875650892
0.1,0.13333333333333333,naive,0.869972205384943,0.0011214626557776697,0.239735187310044,0.008075407214379696,0.5548536963474935,0.0036872858686771703
0.1,0.13737373737373737,A,0.1751872184563925,0.0061543275947182775,0.863137463996261,0.0009096408538525593,0.5191623412263268,0.0029891404808858155
0.1,0.13737373737373737,B,0.8126257220351192,0.0017688994624384757,0.37811655796185983,0.009856025395215972,0.5953711399984895,0.004205992152134769
0.1,0.13737373737373737,naive,0.8713345392402035,0.0010586964349906264,0.24190110995843925,0.007707043549091462,0.5566178245993214,0.0035146998642281947
0.1,0.1414141414141414,A,0.17398981920808107,0.005981956153829319,0.8620366101253663,0.000991946531067547,0.5180132146667237,0.002888726790201888
0.1,0.1414141414141414,B,0.8223419048002382,0.0015956844335083752,0.35356108467826913,0.009299788633871806,0.5879514947392537,0.00402392096419192
0.1,0.1414141414141414,naive,0.8699062205278253,0.0010791002137681362,0.23699148595353353,0.007550755739397444,0.5534488532406795,0.003485775163072517
0.1,0.14545454545454545,A,0.19039016107637508,0.006300843955678943,0.8618027023036506,0.0008898279399623853,0.5260964316900129,0.003050490254216928
0.1,0.14545454545454545,B,0.8285259994811743,0.0015454057876086611,0.3517806842816109,0.009108913813565012,0.5901533418813925,0.003958745159815606
0.1,0.14545454545454545,naive,0.8688992146712303,0.0010752977304034793,0.2493207407496096,0.007400171478437008,0.55910997771042,0.003406163035231824
0.1,0.1494949494949495,A,0.18268133866612665,0.006106753859434424,0.8618734356628689,0.0009084337420291551,0.5222773871644978,0.0028996725441888206
0.1,0.1494949494949495,B,0.838959937789507,0.0013406530354602975,0.3166474193473492,0.0086953278783387,0.5778036785684282,0.0038292075258982675
0.1,0.1494949494949495,naive,0.8695098105938031,0.0010797841631711757,0.2328955300223057,0.007468791579946328,0.5512026703080544,0.0034259281321423135
0.1,0.15353535353535352,A,0.21485270837165046,0.006283033202917289,0.858020966083067,0.0010121388206008283,0.5364368372273587,0.002912604406747499
0.1,0.15353535353535352,B,0.8430083836018807,0.0012091080753050443,0.3298965410280228,0.007936106864259957,0.5864524623149516,0.003505861453494596
0.1,0.15353535353535352,naive,0.8684039865985423,0.001098739799891038,0.2564214957960602,0.007133053850819348,0.5624127411973012,0.003244272225226069
0.1,0.15757575757575756,A,0.20848094631464886,0.006670922232467021,0.8594858159078579,0.0011233133654432825,0.5339833811112533,0.0031249457508734867
0.1,0.15757575757575756,B,0.8514860284231979,0.0011419964201342967,0.3040836450322731,0.008407214675071616,0.5777848367277355,0.0037715429563819963
0.1,0.15757575757575756,naive,0.8685995449227204,0.0010848030984218775,0.24909798246709192,0.00744969530529041,0.5588487636949061,0.003402031633499736
0.1,0.1616161616161616,A,0.21759076194650157,0.006736778809807508,0.8556632417788215,0.0010766635755500927,0.5366270018626615,0.0031787176861351116
0.1,0.1616161616161616,B,0.8577278061712654,0.0010356789780593821,0.287796613190482,0.008077166762109822,0.5727622096808738,0.0036787049867080526
0.1,0.1616161616161616,naive,0.8701185293073678,0.001053218165201229,0.2430681206971439,0.007247206957164544,0.5565933250022558,0.0033344782591338087
0.1,0.16565656565656567,A,0.2229018404311779,0.007270105051981426,0.8569331451471275,0.0011366946922299176,0.5399174927891527,0.0033398970740511446
0.1,0.16565656565656567,B,0.8626464828021904,0.0009724446045808652,0.27803398402389295,0.008222021149081063,0.5703402334130416,0.003768225377223954
0.1,0.16565656565656567,naive,0.8707058363333411,0.0010362590004947543,0.2427318810463612,0.007590566563402371,0.5567188586898512,0.0035187783540081338
0.1,0.1696969696969697,A,0.2303021171208362,0.007033878874066724,0.8547316476187319,0.0011289586943893975,0.5425168823697841,0.0032528639751691056
0.1,0.1696969696969697,B,0.8678946183476429,0.0008115645715586771,0.26544841335582636,0.007461676306625672,0.5666715158517347,0.0034610701037005144
0.1,0.1696969696969697,naive,0.8700834371734526,0.0009312479764046585,0.2420865057948297,0.007054827439973314,0.5560849714841412,0.0032844193347895583
0.1,0.17373737373737375,A,0.23708757554554163,0.006884352207936174,0.8534730406089741,0.0012004309996487387,0.5452803080772578,0.0031500131023702487
0.1,0.17373737373737375,B,0.8716466702505928,0.0008389993518254774,0.2594871530438169,0.007196935257046904,0.5655669116472049,0.0033129462191501713
0.1,0.17373737373737375,naive,0.8692204487260077,0.0011305810384074865,0.2443129693257028,0.007138139786248873,0.5567667090258552,0.0032280876576123866
0.1,0.17777777777777778,A,0.25713928082754733,0.007413381303232622,0.8487685577050718,0.0012917108091618419,0.5529539192663094,0.003380795170304974
0.1,0.17777777777777778,B,0.8744753261330811,0.0007978638435877372,0.26145563363963814,0.0073484022432789885,0.5679654798863596,0.0033989436003539156
0.1,0.17777777777777778,naive,0.8690099366215384,0.0010633580101947098,0.2542490658254639,0.007456311453687371,0.5616295012235011,0.0033706543983941387
0.1,0.18181818181818182,A,0.26200500275151545,0.007722330081762832,0.8488347834053865,0.0013751564268485647,0.555419893078451,0.0034067789495578252
0.1,0.18181818181818182,B,0.878651385527681,0.0007452617063124732,0.2445536464164987,0.007089095067730538,0.5616025159720899,0.003300846485255106
0.1,0.18181818181818182,naive,0.8686930936756011,0.0010771128197109424,0.2475019007873751,0.00715374193222097,0.5580974972314882,0.003250079016706718
0.1,0.18585858585858586,A,0.28618174047302536,0.00808921961952034,0.8422802206928637,0.001774032698675489,0.5642309805829444,0.003470281085432339
0.1,0.18585858585858586,B,0.8809459916955931,0.0008077719921768929,0.24658990570571349,0.007519250433049124,0.5637679487006533,0.0034761862256559206
0.1,0.18585858585858586,naive,0.8682957946884713,0.001149829257091698,0.25324566844680807,0.007844755417171343,0.5607707315676397,0.003524277849245407
0.1,0.1898989898989899,A,0.28143511672850635,0.008851133587709056,0.8425950769779001,0.0016843626161986154,0.5620150968532032,0.0038439435279538337
0.1,0.1898989898989899,B,0.8849366122524583,0.0007489094867178358,0.23070830387163851,0.007432613463171151,0.5578224580620484,0.003488803368184768
0.1,0.1898989898989899,naive,0.8690713182074495,0.0011394681604037632,0.24544029476763257,0.007870356036635355,0.557255806487541,0.0035928756846018177
0.1,0.19393939393939394,A,0.3087838276020591,0.008492240759565114,0.8363670962125931,0.0017956623856849048,0.5725754619073261,0.003624129713389454
0.1,0.19393939393939394,B,0.8872463263252028,0.0007095569577577124,0.23409424071226673,0.007087188139456696,0.5606702835187347,0.003312477144025921
0.1,0.19393939393939394,naive,0.8687667898530578,0.0010607452766716904,0.25385192728776007,0.007579469588618988,0.561309358570409,0.003433728905732331
0.1,0.19797979797979798,A,0.3054351852206771,0.008065166873437918,0.835865528173898,0.0019586386820628593,0.5706503566972875,0.0033623906231853395
0.1,0.19797979797979798,B,0.8903530139140667,0.0006091057985718374,0.21761053905071998,0.0064848367940652215,0.5539817764823934,0.0030897474797421565
0.1,0.19797979797979798,naive,0.8699798176659711,0.0010330209075491298,0.24162289377037532,0.007195911010170219,0.5558013557181731,0.003321630003761416
0.1,0.20202020202020202,A,0.3228175399501619,0.008777301308602017,0.8293271385694817,0.0021610351243436104,0.5760723392598217,0.0036027670666374145
0.1,0.20202020202020202,B,0.8926903133361199,0.0006001317936625481,0.21591038190204603,0.006359992215490644,0.554300347619083,0.0030319308999617496
0.1,0.20202020202020202,naive,0.8701113319672199,0.0009742655250429834,0.24582493113494105,0.0069742206272990935,0.5579681315510804,0.0032127147905389648
0.1,0.20606060606060606,A,0.34056265976557737,0.009731864414530613,0.8199417973060125,0.0027723513091642417,0.580252228535795,0.0038112002305065577
0.1,0.20606060606060606,B,0.8958129168605253,0.0006332550742045986,0.20415142238487355,0.006663129381016736,0.5499821696226994,0.0031577043457428414
0.1,0.20606060606060606,naive,0.8708156301225403,0.0011332423985608165,0.23871263721371952,0.00761067254868948,0.5547641336681298,0.003452031612030155
0.1,0.2101010101010101,A,0.35641279189278074,0.009543827826839692,0.8134934546669347,0.0027857633880449084,0.5849531232798577,0.003701018395823629
0.1,0.2101010101010101,B,0.8969463784026219,0.0006128395081598665,0.19739558835522103,0.006392131736882052,0.5471709833789214,0.0030434746415176034
0.1,0.2101010101010101,naive,0.8701008619372469,0.0010173169951746646,0.23477676909477987,0.007383435143487918,0.5524388155160134,0.0033852562718095836
0.1,0.21414141414141413,A,0.3761469313963845,0.00981543829175502,0.8059527143017263,0.0030144297875779446,0.5910498228490553,0.003701984266359545
0.1,0.21414141414141413,B,0.899770484552949,0.0005555871624755817,0.18954934875251253,0.0062130050104822485,0.5446599166527307,0.0029609950946831785
0.1,0.21414141414141413,naive,0.8724763890361601,0.0010767700503990577,0.22864841839005728,0.007276443593074545,0.5505624037131086,0.0033258197490058836
0.1,0.21818181818181817,A,0.383334313751404,0.009298334882532696,0.8030551973574537,0.003277859140863305,0.5931947555544289,0.003436766684831644
0.1,0.21818181818181817,B,0.900945042315951,0.0004851739273771918,0.1904296312336998,0.005799345185895403,0.5456873367748253,0.002797062522435098
0.1,0.21818181818181817,naive,0.8694435297931585,0.0010896389587806059,0.23699825855035594,0.0070760370148313925,0.5532208941717573,0.00322231535012033
0.1,0.2222222222222222,A,0.42461457142950354,0.009661489773061084,0.7857973402775462,0.004648321129004501,0.6052059558535248,0.0034966365044261176
0.1,0.2222222222222222,B,0.901777939767576,0.0005496366808088677,0.20221839530879954,0.006033783483974773,0.5519981675381878,0.00290804933915478
0.1,0.2222222222222222,naive,0.8692577743136397,0.001089995816982273,0.25086549013160686,0.00724730564951266,0.5600616322226233,0.0033123110534557993
0.1,0.22626262626262628,A,0.44480294422657785,0.009420682703001011,0.7729115194163552,0.004594688676232086,0.6088572318214666,0.003169159527400997
0.1,0.22626262626262628,B,0.9030226394870343,0.0005181977353702707,0.18908825309147828,0.0058789134505515,0.5460554462892563,0.0028213322296487477
0.1,0.22626262626262628,naive,0.8680313747847961,0.0011204767854574088,0.24446980153641953,0.007345170152216583,0.5562505881606078,0.0033032667874307842
0.1,0.23030303030303031,A,0.4771040670211633,0.009596383193622202,0.7565279371520603,0.006209166691691744,0.6168160020866118,0.0033786588452829735
0.1,0.23030303030303031,B,0.9052591996726058,0.00046426887025555153,0.19515103109010934,0.0058118029377162315,0.5502051153813575,0.002808780187196003
0.1,0.23030303030303031,naive,0.8682080511642929,0.0011473387070028152,0.2560631304088556,0.007397165690133508,0.5621355907865742,0.00332760042687255
0.1,0.23434343434343435,A,0.49381718878038083,0.010259928025782518,0.7421507334744686,0.0059438828207422365,0.6179839611274248,0.0034556255433677656
0.1,0.23434343434343435,B,0.9071717222826635,0.0004872289982226303,0.18131752787858754,0.0060672369459725106,0.5442446250806257,0.0029437342100651063
0.1,0.23434343434343435,naive,0.8704181194010876,0.0010827136326759536,0.24099408770661632,0.007756248646085136,0.555706103553852,0.0035466458435632346
0.1,0.2383838383838384,A,0.5096100170432993,0.010771140126794636,0.7265289438872958,0.006709940750785835,0.6180694804652976,0.0033824757103720683
0.1,0.2383838383838384,B,0.9084005719933682,0.00043726226120490336,0.17571614309416175,0.00570304873929147,0.542058357543765,0.002777534877916122
0.1,0.2383838383838384,naive,0.8707558102978293,0.001028074758180627,0.23443349209442524,0.007410133171096874,0.5525946511961274,0.003392777309689524
0.1,0.24242424242424243,A,0.5576440538960818,0.009253369348058607,0.6998148574546127,0.00731807366090648,0.6287294556753473,0.0030739948479621463
0.1,0.24242424242424243,B,0.9089791949598234,0.00049261137780036,0.18660991155301276,0.006111454990121966,0.547794553256418,0.0029570471766228444
0.1,0.24242424242424243,naive,0.8679967734621115,0.0011382208830494885,0.2535872405999021,0.007843183604372465,0.5607920070310067,0.0035673024029119773
0.1,0.24646464646464647,A,0.5794848982991893,0.009077788804225136,0.6757163375952254,0.00824621082210277,0.6276006179472072,0.0030172220887159564
0.1,0.24646464646464647,B,0.9103440016588209,0.00044691478537034474,0.17492902649699635,0.005797524892471804,0.5426365140779086,0.002820124219063149
0.1,0.24646464646464647,naive,0.8700852106303789,0.0010553713734241515,0.24113170371811954,0.007658414339078354,0.5556084571742492,0.0035032098557495396
0.1,0.2505050505050505,A,0.6047852103597033,0.009461543195874054,0.6532383135501115,0.008620055017723163,0.6290117619549074,0.0031632069718725815
0.1,0.2505050505050505,B,0.9113626534047384,0.00045633272036912426,0.1747372855189055,0.005856178500236827,0.543049969461822,0.002854410249888937
0.1,0.2505050505050505,naive,0.8702089283210163,0.0010299879387558274,0.24081365024950016,0.007687492657973123,0.5555112892852583,0.003555898947907062
0.1,0.2545454545454545,A,0.6431912391633454,0.007984276568492517,0.6125832888334304,0.009434349995879485,0.6278872639983881,0.0029489665109292866
0.1,0.2545454545454545,B,0.9118049548099592,0.0004294979500473634,0.17117133109614138,0.0050968737355992005,0.5414881429530503,0.00248908134782519
0.1,0.2545454545454545,naive,0.8698400419930451,0.0009252557266940404,0.24122418376323881,0.006846986966352727,0.5555321128781419,0.0031691371771593825
0.1,0.2585858585858586,A,0.6779936552149343,0.005388998256443683,0.5796196722657182,0.00877009235497711,0.6288066637403262,0.0027535125689739383
0.1,0.2585858585858586,B,0.9140002181861208,0.00042729916593153274,0.16233268201034604,0.004782456279752996,0.5381664500982333,0.0023470647848136315
0.1,0.2585858585858586,naive,0.8714568006720256,0.0010656173778563031,0.23046669381143345,0.006696484098172142,0.5509617472417295,0.0030626937905361765
0.1,0.26262626262626265,A,0.6905240582535527,0.006627678671443664,0.5599928437027739,0.009672140994842801,0.6252584509781633,0.003246233107023378
0.1,0.26262626262626265,B,0.9138196184141957,0.00040470124125345286,0.16769546707783578,0.005462062233018076,0.5407575427460156,0.0026683164641825774
0.1,0.26262626262626265,naive,0.8685223804527135,0.0010585694217399957,0.24163524176453385,0.007528676838764351,0.5550788111086237,0.0034404712972073387
0.1,0.26666666666666666,A,0.715691371607428,0.005811597281816734,0.5297518914908131,0.010382318926206929,0.6227216315491205,0.003498895159423738
0.1,0.26666666666666666,B,0.9156343397154387,0.0004700694283619691,0.16744977770879324,0.005743779388116406,0.5415420587121159,0.0027729305057875952
0.1,0.26666666666666666,naive,0.8705041493794746,0.0011900290873746006,0.24292257490289157,0.007818948928417063,0.5567133621411829,0.0035187376764742703
0.1,0.27070707070707073,A,0.7364814830015848,0.005459850380067534,0.4917453487823204,0.011144433760675886,0.6141134158919526,0.0037959948338687193
0.1,0.27070707070707073,B,0.9165303782519603,0.00040686332721894214,0.15805659403863448,0.005541034294971974,0.5372934861452974,0.0027034052059622367
0.1,0.27070707070707073,naive,0.8709739868467987,0.001093587016237674,0.23037665851780864,0.007990882506418065,0.5506753226823037,0.0036295755943975554
0.1,0.27474747474747474,A,0.7455417650729497,0.004054430223931597,0.4936224508357469,0.010275933411377888,0.6195821079543483,0.003589456633224427
0.1,0.27474747474747474,B,0.916619734381492,0.00040969304270781985,0.16682139043938737,0.005289521286714409,0.5417205624104396,0.00257972915929365
0.1,0.27474747474747474,naive,0.8681224210268352,0.001063958739558893,0.24964113940984745,0.007456382484468083,0.5588817802183413,0.0033918320449783444
0.1,0.2787878787878788,A,0.7668203956028709,0.0034383436235808744,0.4472369777154772,0.010680729536028251,0.607028686659174,0.004011869161399796
0.1,0.2787878787878788,B,0.917651632268927,0.00037511803488225704,0.1549889805326378,0.005302861913176796,0.5363203064007823,0.002615126926478209
0.1,0.2787878787878788,naive,0.8700086887866454,0.001060029940036115,0.23339617014699615,0.007650962072747427,0.5517024294668208,0.003533994370089129
0.1,0.2828282828282828,A,0.7760881868948857,0.0030129073957493387,0.448071493501547,0.009566931905994594,0.6120798401982164,0.003606764958085265
0.1,0.2828282828282828,B,0.9194258728300789,0.0003709438458668632,0.16026512112390467,0.004562288708507089,0.5398454969769919,0.002244019542637153
0.1,0.2828282828282828,naive,0.8714982889319828,0.0009630137969804126,0.24284472159905954,0.006593473802730604,0.5571715052655212,0.003016227739990005
0.1,0.2868686868686869,A,0.7907400241013955,0.002695699421353505,0.4122990969106559,0.009875127465820876,0.6015195605060257,0.0038564029436477226
0.1,0.2868686868686869,B,0.9199482415577421,0.0004001098250837773,0.15185636926183488,0.0049244800986554165,0.5359023054097886,0.0024206288617162953
0.1,0.2868686868686869,naive,0.8719022946839547,0.0010224972404856824,0.23162610783601947,0.007157986896278635,0.5517642012599872,0.003319409868268534
0.1,0.2909090909090909,A,0.7953882104291174,0.0025126702768103384,0.4097549878379981,0.00984288599553624,0.6025715991335577,0.003854135168264263
0.1,0.2909090909090909,B,0.9197341718915993,0.0003634782449390445,0.16079488111557616,0.004993881840735007,0.5402645265035877,0.0024340280278658992
0.1,0.2909090909090909,naive,0.8681353330901161,0.0010961374378298412,0.2477708133805777,0.0075099858856107005,0.557953073235347,0.0034043183861247085
0.1,0.29494949494949496,A,0.803297748672049,0.002578577321026735,0.38850540870837447,0.010581306777368222,0.5959015786902118,0.004210295826492132
0.1,0.29494949494949496,B,0.9207072103119439,0.0004247367904610271,0.15514792892227688,0.005379812585228957,0.5379275696171104,0.0026270172271966315
0.1,0.29494949494949496,naive,0.8690110235943831,0.0012229924660301515,0.24145711882945617,0.007928275525401726,0.5552340712119197,0.0035794814129202733
0.1,0.298989898989899,A,0.810505182366003,0.002313858132758949,0.37932615626532373,0.010028223678558853,0.5949156693156634,0.004109791616978669
0.1,0.298989898989899,B,0.9209317534587567,0.0004105503787172285,0.15572384306986875,0.005021830225164473,0.5383277982643127,0.0024729168641286587
0.1,0.298989898989899,naive,0.8687884924265633,0.0011293298748664214,0.2425338942821723,0.007558913229690869,0.5556611933543678,0.003463065685969757
0.1,0.30303030303030304,A,0.8219445868080625,0.0021337743978954637,0.3436386049031763,0.01068604177565973,0.5827915958556193,0.0044867873992902796
0.1,0.30303030303030304,B,0.92190516235872,0.0004122937185846796,0.1459586857394712,0.005254324659175618,0.5339319240490955,0.0025896548253544873
0.1,0.30303030303030304,naive,0.8711258117865206,0.001118635376337028,0.23042701241889987,0.008000357912635246,0.5507764121027102,0.0036858268216894267
0.1,0.30707070707070705,A,0.8226557380601501,0.001950912403360431,0.3616920722410654,0.009485737222034775,0.5921739051506077,0.003933959994874012
0.1,0.30707070707070705,B,0.9227185071966707,0.00036547651788371605,0.15436233659687582,0.004795827479364878,0.5385404218967732,0.002365721111935333
0.1,0.30707070707070705,naive,0.8703964740451104,0.0010211194444040858,0.2447808191740792,0.007319342943569403,0.5575886466095948,0.0033674718116834795
0.1,0.3111111111111111,A,0.8323642606634539,0.0018069047365299564,0.32807388740890886,0.009226310068949238,0.5802190740361813,0.0038740196879778785
0.1,0.3111111111111111,B,0.9236126569451594,0.0003720598684509256,0.14333372393262805,0.0044808833425462975,0.5334731904388937,0.002207592240577926
0.1,0.3111111111111111,naive,0.8711639117324919,0.0011267362842779518,0.2300160387407414,0.007132698558397188,0.5505899752366168,0.0032438292113000726
0.1,0.3151515151515151,A,0.8342974853204711,0.0018979916656938034,0.32946569812408977,0.010003154929127884,0.5818815917222804,0.004235832268241521
0.1,0.3151515151515151,B,0.9230932141881252,0.00040009109943178826,0.1503231556269119,0.005097337991298458,0.5367081849075186,0.0025088926010158013
0.1,0.3151515151515151,naive,0.869587582020134,0.001247486278800476,0.240010580561189,0.008037150552535921,0.5547990812906615,0.0036151813201551683
0.1,0.3191919191919192,A,0.8386925134261989,0.0016788437378153524,0.3237406279205432,0.008926320667140997,0.5812165706733711,0.003807098431574067
0.1,0.3191919191919192,B,0.9241650013430891,0.00036876838453261496,0.14586614533775794,0.004659659688324615,0.5350155733404235,0.0023129639566990133
0.1,0.3191919191919192,naive,0.8708683416565054,0.0010541022077131341,0.2388713531379284,0.007162285833278369,0.5548698473972169,0.003280013571584488
0.1,0.3232323232323232,A,0.8433954035429206,0.0014619038929018998,0.3157327658160523,0.008621171827194712,0.5795640846794866,0.0037311907795079457
0.1,0.3232323232323232,B,0.9249257155967547,0.0003834555854807835,0.14723651927410056,0.004537728728026478,0.5360811174354275,0.002244149348972557
0.1,0.3232323232323232,naive,0.8709448660645686,0.0010990388053751306,0.23988982424989624,0.0072119145034333035,0.5554173451572324,0.0032721011770665553
0.1,0.32727272727272727,A,0.8496801825810298,0.0013824018595657802,0.29581536822098586,0.008410553274971276,0.5727477754010079,0.0036747174542895275
0.1,0.32727272727272727,B,0.9249578729381795,0.0003892786751452256,0.14202687730358482,0.004614177746752162,0.5334923751208822,0.0022944707718298885
0.1,0.32727272727272727,naive,0.8718643255463436,0.0010969753705541473,0.23137487736763038,0.007265913528769852,0.551619601456987,0.0033269352308454726
0.1,0.33131313131313134,A,0.8489132534963434,0.0013981465459328634,0.3014928400309069,0.009303034175429263,0.5752030467636251,0.004102641007295038
0.1,0.33131313131313134,B,0.9247475488939492,0.0003733266383893471,0.1475906113234109,0.005086707336561232,0.53616908010868,0.0025262907408478445
0.1,0.33131313131313134,naive,0.8689934762510058,0.0010796352148201484,0.24254474719870892,0.007998708545680348,0.5557691117248573,0.003682141394387766
0.1,0.33535353535353535,A,0.8526527937784789,0.0013177389914571557,0.2982045918883858,0.008121892741219466,0.5754286928334323,0.003541808228773877
0.1,0.33535353535353535,B,0.9255840416218224,0.0003552889283882253,0.1448699666998728,0.004316772116319005,0.5352270041608477,0.002138879157312469
0.1,0.33535353535353535,naive,0.8690682842036326,0.0011331540505893308,0.24279136221370023,0.0070063815545556235,0.5559298232086664,0.003146694500686835
0.1,0.3393939393939394,A,0.8572390320239188,0.0012857132670021528,0.28209841032035327,0.008306115580626577,0.5696687211721361,0.003644081981275909
0.1,0.3393939393939394,B,0.9264058438790517,0.00037546251709549784,0.1400419556218231,0.0045030872017085685,0.5332238997504374,0.002195593006960706
0.1,0.3393939393939394,naive,0.8702491699559534,0.0010554706077588263,0.2351674096795088,0.0071514302983152105,0.5527082898177311,0.0032525062732921594
0.1,0.3434343434343434,A,0.8604591161175196,0.0012368525627859154,0.27531106027614355,0.007906322006651551,0.5678850881968316,0.0034968619911933587
0.1,0.3434343434343434,B,0.9264736749847983,0.0003846898303344166,0.1390499017071349,0.004217526235934626,0.5327617883459667,0.00208729120491997
0.1,0.3434343434343434,naive,0.8698968292243734,0.0011251174727057377,0.2375324872334741,0.00694263287651516,0.5537146582289237,0.0031550010782641024
0.1,0.3474747474747475,A,0.863689613714977,0.0010651648239413808,0.26152629974408226,0.008140509443956053,0.5626079567295297,0.003667593639601094
0.1,0.3474747474747475,B,0.9270446364582813,0.00034910516596125835,0.133679914509388,0.00449107342258223,0.5303622754838346,0.002227627810757818
0.1,0.3474747474747475,naive,0.8706634110775127,0.0010129722760683206,0.22781450067113718,0.007425537388098128,0.5492389558743249,0.003404988971998882
0.1,0.3515151515151515,A,0.8660079856996882,0.0010527484950719566,0.26638942859658227,0.00770177092731165,0.5661987071481352,0.0034730617732615567
0.1,0.3515151515151515,B,0.9277659570536372,0.0003421282440863682,0.1383375564132706,0.004293060099056602,0.5330517567334538,0.0021352023200906377
0.1,0.3515151515151515,naive,0.8710680255821316,0.000999605374249449,0.23770782705824936,0.007036039699138453,0.5543879263201904,0.0032305376884199473
0.1,0.35555555555555557,A,0.8675806099906945,0.0010492034237497764,0.26484882251664854,0.008672725012950983,0.5662147162536715,0.003940692169949187
0.1,0.35555555555555557,B,0.9281128544728168,0.0003488746200926825,0.14215001304092462,0.004878556756212769,0.5351314337568707,0.00243311870748227
0.1,0.35555555555555557,naive,0.870165271679769,0.0011087242522142759,0.2419034036226676,0.008055054171652698,0.5560343376512183,0.0037076731724722347
0.1,0.3595959595959596,A,0.8701098271613473,0.0010064886099805269,0.26188236351894273,0.00810496784593675,0.5659960953401451,0.003681248652069139
0.1,0.3595959595959596,B,0.9282313441684061,0.00034689822034372796,0.1406421740483105,0.00470895852622392,0.5344367591083582,0.002347484807861673
0.1,0.3595959595959596,naive,0.8704284475176626,0.0010388856965439087,0.24350194925357965,0.007653634790012312,0.5569651983856211,0.0034956122648572775
0.1,0.36363636363636365,A,0.8723875289265459,0.0009434606090227264,0.26221012741005906,0.007843643924768749,0.5672988281683025,0.0035988797706410914
0.1,0.36363636363636365,B,0.928692396133898,0.00036667980023758455,0.14423509860183034,0.004605490424373903,0.5364637473678642,0.0022923078505988686
0.1,0.36363636363636365,naive,0.8707172890627995,0.0011310962849882494,0.24650067429746755,0.007519002134172696,0.5586089816801335,0.0034502816470814595
0.1,0.36767676767676766,A,0.8753328070269558,0.000881056898065591,0.24459234540346678,0.007804563943530233,0.5599625762152114,0.0036004583290308715
0.1,0.36767676767676766,B,0.9289142625275874,0.00033689439135659526,0.13615705763998082,0.0046247783615281654,0.532535660083784,0.00231208791210791
0.1,0.36767676767676766,naive,0.8710745526046864,0.0010770422214056192,0.23507361394410167,0.007634624422804025,0.553074083274394,0.003502948027766452
0.1,0.3717171717171717,A,0.8755205722233498,0.0008305050390193976,0.2538434785602559,0.007465037708780521,0.5646820253918028,0.0034511776477764294
0.1,0.3717171717171717,B,0.9291030043071855,0.0003052852743484848,0.14146574997976416,0.0044820731061481905,0.5352843771434749,0.002238411572201527
0.1,0.3717171717171717,naive,0.8693405123541187,0.0010373118846899846,0.24741732620042087,0.007279685956623625,0.5583789192772697,0.003375735306590274
0.1,0.37575757575757573,A,0.8779707159590023,0.0008838875760167532,0.24227315772434554,0.007482020411307782,0.5601219368416739,0.0034725973818263826
0.1,0.37575757575757573,B,0.9294601309541807,0.00036491538548648615,0.13568034800503476,0.004336595635787171,0.5325702394796078,0.0021721704041082813
0.1,0.37575757575757573,naive,0.870015274565856,0.00111833240067924,0.24047479672565775,0.0073209240486678834,0.5552450356457569,0.0033565986176189986
0.1,0.3797979797979798,A,0.8794072988792702,0.0008621875928843014,0.23564165329182793,0.007955959639839097,0.5575244760855491,0.003687564294950924
0.1,0.3797979797979798,B,0.9292544152192693,0.0003383827396402933,0.1343113898227204,0.0046098488097187935,0.5317829025209949,0.0023056841964848615
0.1,0.3797979797979798,naive,0.869338969010417,0.001104681255828211,0.23693997575145104,0.007878731681992003,0.5531394723809341,0.0036487661164283534
0.1,0.3838383838383838,A,0.8806694470301457,0.0008399843827485052,0.23491839761353428,0.007613808027422635,0.55779392232184,0.003515708825321257
0.1,0.3838383838383838,B,0.9296083029098486,0.00033575937406198964,0.13455991614668428,0.004620690265767407,0.5320841095282663,0.0023003847415824126
0.1,0.3838383838383838,naive,0.8685702235846406,0.0011264935483936086,0.24112968921284875,0.007667986827499228,0.5548499563987447,0.0034881913320983964
0.1,0.3878787878787879,A,0.8828811648345884,0.0007711327294239219,0.23045161142954476,0.006700438024256418,0.5566663881320666,0.003098703941745428
0.1,0.3878787878787879,B,0.9301715770671565,0.00034854616390612715,0.133279317318651,0.004020994857722093,0.5317254471929038,0.001989377796644946
0.1,0.3878787878787879,naive,0.8697909243058555,0.001049119647291011,0.2387546537688563,0.006902863820334634,0.554272789037356,0.003160412289864823
0.1,0.39191919191919194,A,0.8861335973120186,0.0007066297625972969,0.226083410342436,0.006293594486681197,0.5561085038272272,0.002937435017188503
0.1,0.39191919191919194,B,0.9308648906464363,0.00035425729285462436,0.1329997550329545,0.003967017436634743,0.5319323228396954,0.0019585388874955078
0.1,0.39191919191919194,naive,0.8720371357863573,0.0009963694520081956,0.23799982886023124,0.006520128183794825,0.5550184823232942,0.0029923443459097293
0.1,0.39595959595959596,A,0.8865897200852618,0.0007098339090480177,0.2207315855118467,0.007533100232387076,0.5536606527985541,0.0035599594386271165
0.1,0.39595959595959596,B,0.930890496822233,0.000334375367825594,0.13251411981214986,0.004566875695569351,0.5317023083171915,0.0022886573916892907
0.1,0.39595959595959596,naive,0.8710452384538789,0.001107424894428921,0.23452766318885915,0.00790864074655859,0.552786450821369,0.0036494800743198507
0.1,0.4,A,0.8881889912510096,0.0006729296144051828,0.20523521992900723,0.007437436286454482,0.5467121055900084,0.0035279244381193503
0.1,0.4,B,0.930538867376507,0.0003444464304133295,0.12350410306163873,0.0045537638737110165,0.5270214852190729,0.002294481030195619
0.1,0.4,naive,0.8712011008809728,0.0009974725464558473,0.2237802748673273,0.007861300705325064,0.54749068787415,0.003659502933099201
0.2,0.0,A,0.17341151837101407,0.003030578854261266,0.8650418068638259,0.0008642185697171712,0.51922666261742,0.001616392353512282
0.2,0.0,B,0.17341151837101407,0.0030305788542612662,0.8650418068638259,0.0008642185697171712,0.51922666261742,0.0016163923535122825
0.2,0.0,naive,0.8580913795020656,0.0012029240554079393,0.4247286446439034,0.005081102041022946,0.6414100120729844,0.0022447578712218572
0.2,0.00404040404040404,A,0.1742531022321716,0.002923562868798536,0.8661253187400425,0.000849354975418066,0.5201892104861071,0.0015603675439438156
0.2,0.00404040404040404,B,0.1891977222980529,0.00290815444890414,0.8670571013266488,0.0008417861192033645,0.5281274118123508,0.001547808846440922
0.2,0.00404040404040404,naive,0.857420199861564,0.0011074717551749426,0.42938089655039463,0.005041864051879124,0.6434005482059795,0.0022360900059519794
0.2,0.00808080808080808,A,0.1779729471306128,0.0031676772955909586,0.8664070027764669,0.0008182134206752905,0.5221899749535398,0.0016418612528127036
0.2,0.00808080808080808,B,0.20811092124195235,0.0031255560939900465,0.8677891959284447,0.0008008788368303702,0.5379500585851985,0.001609671488145699
0.2,0.00808080808080808,naive,0.8563340975066593,0.0011404354970719482,0.42788627734631746,0.005448876459238677,0.6421101874264883,0.0024336455818497965
0.2,0.012121212121212121,A,0.17495760990346035,0.003295748589837986,0.8669454705496448,0.0009158066337346522,0.5209515402265525,0.001755457214495077
0.2,0.012121212121212121,B,0.22044959121692403,0.0032208438446757397,0.8682109789857537,0.0008879625812501694,0.544330285101339,0.001703358382574774
0.2,0.012121212121212121,naive,0.8572341172455589,0.0010774973625546542,0.415387495498655,0.0056395853191936254,0.6363108063721069,0.0025362395455137856
0.2,0.01616161616161616,A,0.18388923619275235,0.0031528333982580154,0.8669243942456026,0.0008217334719119579,0.5254068152191775,0.001645499166410828
0.2,0.01616161616161616,B,0.2449922141571067,0.0030726955749070407,0.8675154428002887,0.000814192504001615,0.5562538284786976,0.0015863762879086845
0.2,0.01616161616161616,naive,0.8581054337299276,0.0010231396101293335,0.4219058018887172,0.00515096252662489,0.6400056178093226,0.0023254228825554976
0.2,0.0202020202020202,A,0.1862832821292188,0.003322983439005981,0.8669883097675762,0.0008348035014354505,0.5266357959483975,0.0017565008248522382
0.2,0.0202020202020202,B,0.26355861291514676,0.003172717760001108,0.8666963063826222,0.0008414352534947429,0.5651274596488844,0.001665946141399991
0.2,0.0202020202020202,naive,0.8584987202059458,0.0010351686702228578,0.4202332163013763,0.0053853900537971355,0.639365968253661,0.002441939196090599
0.2,0.024242424242424242,A,0.1845775400919026,0.003615140494649937,0.8669101555008464,0.0008437537147226162,0.5257438477963745,0.0019089171385907016
0.2,0.024242424242424242,B,0.2777025223116692,0.003418892344557957,0.8649799588197871,0.0008723883199229924,0.5713412405657281,0.0018046593742921302
0.2,0.024242424242424242,naive,0.8575975757290734,0.0010731995095024564,0.4164504506393144,0.005857910993072285,0.6370240131841939,0.002662380014472966
0.2,0.028282828282828285,A,0.19095894941722955,0.003411047019838177,0.8663933873150674,0.0008730093562728515,0.5286761683661484,0.0018297425683475002
0.2,0.028282828282828285,B,0.30047359688353437,0.0031378560650431454,0.8628356089827197,0.0008787089941406257,0.5816546029331271,0.0016561817323819056
0.2,0.028282828282828285,naive,0.8569796786601236,0.001191038080137486,0.42214685966109505,0.005762555355704571,0.6395632691606093,0.002546561582948567
0.2,0.03232323232323232,A,0.19445636656388537,0.003447759082131649,0.8678781499977908,0.000835745031617153,0.531167258280838,0.0018010690518027574
0.2,0.03232323232323232,B,0.3212204355806761,0.0031357071131528674,0.861842156129565,0.0008927169306778058,0.5915312958551207,0.0016125337553380393
0.2,0.03232323232323232,naive,0.8584536592977985,0.001157307779525423,0.422412245413053,0.005559685429827389,0.6404329523554257,0.0024681301670954003
0.2,0.03636363636363636,A,0.19888539146140183,0.003191072045348654,0.8679093881780804,0.0008850322311893863,0.533397389819741,0.001665076473052619
0.2,0.03636363636363636,B,0.3419544720196528,0.0028203221359666595,0.8585783765147766,0.000916947449121465,0.6002664242672147,0.0014299358705936488
0.2,0.03636363636363636,naive,0.8577011709731357,0.0011001090094682033,0.42310474688781186,0.005010092622071459,0.6404029589304737,0.0022157727006321903
0.2,0.0404040404040404,A,0.19703005428356477,0.0033246245658598477,0.8669551549614138,0.0008879539020779932,0.5319926046224893,0.0017102703770105613
0.2,0.0404040404040404,B,0.3565758328259037,0.002944407307739181,0.8551600011858201,0.0010009372101333419,0.6058679170058618,0.0014883988050720819
0.2,0.0404040404040404,naive,0.8564162795035695,0.0011542743667463046,0.4271350864595448,0.0054376860749449675,0.6417756829815572,0.0024196980789569426
0.2,0.044444444444444446,A,0.20586118063106287,0.003380283107785979,0.8687557927032408,0.0007729862078047974,0.5373084866671519,0.001760666350074164
0.2,0.044444444444444446,B,0.3819907590894938,0.0028608292044898288,0.8512132447896188,0.0008669633723945806,0.6166020019395563,0.0014773574159735136
0.2,0.044444444444444446,naive,0.8570110162813335,0.0010338501120094857,0.42845186601482754,0.00516372903572164,0.6427314411480805,0.0023193893792457774
0.2,0.048484848484848485,A,0.20825715584405935,0.0035880684037085954,0.8672433060912579,0.0008791870720152326,0.5377502309676586,0.0019195910290625475
0.2,0.048484848484848485,B,0.40266747715324075,0.002960445398145644,0.8446468403971678,0.0010647285970644107,0.6236571587752041,0.0015627071284305004
0.2,0.048484848484848485,naive,0.8589640361511545,0.0010749138332298736,0.42070570142703123,0.0051128483920108965,0.6398348687890928,0.002296855922232678
0.2,0.052525252525252523,A,0.21844548251213688,0.003705685855741443,0.8677820927347546,0.0008716248444605231,0.5431137876234456,0.0018862995238541722
0.2,0.052525252525252523,B,0.4275494900479569,0.0028887244717256517,0.8390481283048485,0.0010538053057288041,0.6332988091764028,0.001457426812834013
0.2,0.052525252525252523,naive,0.8590724970557297,0.0010817191353721931,0.42601901007369203,0.005438111667630928,0.6425457535647109,0.0024330458717002706
0.2,0.05656565656565657,A,0.21641227821681658,0.003949082638430961,0.8674197500348139,0.0007801283714487012,0.5419160141258152,0.001987266680342182
0.2,0.05656565656565657,B,0.4436862437878425,0.0030671773632136422,0.83299967129657,0.0010373824362505638,0.6383429575422064,0.0015217587109776292
0.2,0.05656565656565657,naive,0.8569410444188381,0.001211131782784219,0.4277816760617197,0.005557142172866457,0.6423613602402789,0.002471678557086942
0.2,0.06060606060606061,A,0.22179640450500357,0.0036958064871764028,0.8679754672950882,0.0008451979282768639,0.5448859359000459,0.0019322796292484867
0.2,0.06060606060606061,B,0.46517306916122875,0.0027962495555094785,0.8249340905983706,0.0011974614837630306,0.6450535798797997,0.0014355675819514955
0.2,0.06060606060606061,naive,0.8568760861982889,0.0011331839025203415,0.4264832604256503,0.0051715254432933965,0.6416796733119696,0.0023049968074141196
0.2,0.06464646464646465,A,0.22446249337668014,0.004250762468366278,0.8673924675606766,0.0008181381255777039,0.5459274804686784,0.0021704936555473173
0.2,0.06464646464646465,B,0.4862881879943227,0.002982830586661807,0.8173546521291629,0.0013512249876661963,0.6518214200617429,0.0015216352941365135
0.2,0.06464646464646465,naive,0.8594597461377947,0.001182870490267817,0.42304996128936095,0.005872680872545713,0.6412548537135778,0.0025677800845234416
0.2,0.06868686868686869,A,0.2232529695262977,0.003908762613157035,0.8685405037959397,0.0007519018553620069,0.5458967366611186,0.0019476030400194318
0.2,0.06868686868686869,B,0.5027501359933363,0.0026449489666052367,0.8086487256110848,0.0011766279726379916,0.6556994308022106,0.0013213145181804368
0.2,0.06868686868686869,naive,0.858533453328945,0.0011825442209296283,0.41783963094311893,0.005561821675368395,0.638186542136032,0.002480421269439501
0.2,0.07272727272727272,A,0.23812668926997815,0.003607004344948593,0.8672466414483878,0.0007548374107337729,0.5526866653591831,0.0018063202285103544
0.2,0.07272727272727272,B,0.5294527195083585,0.0024859191010156204,0.796612511147114,0.0014413669220618701,0.6630326153277363,0.0012614376428743885
0.2,0.07272727272727272,naive,0.8565456749142041,0.0010986142840092442,0.42915847082864245,0.0049565831830418235,0.6428520728714233,0.0021997902496073934
0.2,0.07676767676767676,A,0.23462389327826447,0.004186687811216305,0.8676627683320219,0.0008075964326658154,0.5511433308051431,0.002159643110624626
0.2,0.07676767676767676,B,0.545538376487134,0.0025146790678572777,0.7863864324183086,0.001521030623580942,0.6659624044527215,0.0014368663613886319
0.2,0.07676767676767676,naive,0.8564817844872548,0.0010819088132751598,0.4230643850160865,0.005574063374079992,0.6397730847516706,0.002515247754911604
0.2,0.0808080808080808,A,0.2436466370399214,0.00392844158384405,0.8688639588238086,0.0008674737185294774,0.556255297931865,0.002052970921417568
0.2,0.0808080808080808,B,0.5694318536992636,0.002222261237635483,0.776452111914206,0.001764141203291098,0.672941982806735,0.0012916606767599944
0.2,0.0808080808080808,naive,0.8574442627046471,0.001104899334416847,0.42663959683841596,0.00532724942543854,0.6420419297715315,0.002371004517393681
0.2,0.08484848484848485,A,0.23853475136469324,0.0039973117626811985,0.8687314684615361,0.000706476487559582,0.5536331099131148,0.0020591709487574324
0.2,0.08484848484848485,B,0.5860450478551411,0.002161423583439343,0.7622885752174698,0.0016646725056034509,0.6741668115363055,0.0013218281319740518
0.2,0.08484848484848485,naive,0.8600576537600891,0.0010464679566774074,0.41439342460226897,0.005233746217366275,0.637225539181179,0.0023796314041558365
0.2,0.08888888888888889,A,0.2512547717206175,0.004597171033681155,0.8658009357356599,0.0007988822969435576,0.5585278537281387,0.002301816711372059
0.2,0.08888888888888889,B,0.6082652731572362,0.002318519537439212,0.7496440169843,0.0019423694399388234,0.6789546450707682,0.0013559417343163881
0.2,0.08888888888888889,naive,0.8577300480456523,0.001212125047494485,0.4248856905702832,0.005732523128004137,0.6413078693079677,0.0025327272470166496
0.2,0.09292929292929293,A,0.2510860033765263,0.004104059940805836,0.8671661756595074,0.0007826607989986736,0.5591260895180169,0.0020013512272150516
0.2,0.09292929292929293,B,0.6268881399991364,0.00195592813245813,0.7334547871328957,0.002148527320879697,0.6801714635660161,0.0011883962084778743
0.2,0.09292929292929293,naive,0.8575190300307578,0.0011276809686191001,0.4215746874396244,0.005217173418592566,0.6395468587351911,0.0022754257753199517
0.2,0.09696969696969697,A,0.257948442401523,0.004408616636647894,0.8669372427775318,0.0008237652734982686,0.5624428425895274,0.002161620937085551
0.2,0.09696969696969697,B,0.6445430569982717,0.0020500637728497486,0.720839844982152,0.002299100410456667,0.6826914509902119,0.0012346709408378764
0.2,0.09696969696969697,naive,0.8582187890664327,0.0011288766828361071,0.4213124611633198,0.005502438738865988,0.6397656251148761,0.0024529401464284603
0.2,0.10101010101010101,A,0.2632539067705145,0.004555292755992328,0.8659483367871738,0.0008187404671087106,0.5646011217788441,0.0022725424006115173
0.2,0.10101010101010101,B,0.6684191386296644,0.00195109631325159,0.7003283533416251,0.0025664888023600205,0.6843737459856447,0.0013208360079362362
0.2,0.10101010101010101,naive,0.8610037264625052,0.0011347992794822237,0.41507672821527714,0.005497719172205863,0.6380402273388912,0.0024329129537699126
0.2,0.10505050505050505,A,0.27759468646767105,0.004615367280325369,0.8658706621999108,0.0008014692092419679,0.5717326743337909,0.0023174371447761454
0.2,0.10505050505050505,B,0.6838219455894332,0.0015927365932766092,0.6895845806220767,0.00278347564471242,0.6867032631057549,0.0014606388026747132
0.2,0.10505050505050505,naive,0.8566537942704946,0.0010572145445259828,0.4292840466354166,0.00565037466392753,0.6429689204529555,0.002507740299437048
0.2,0.10909090909090909,A,0.2783199568711122,0.004653357454507253,0.8651880367397757,0.0008699350382581463,0.571753996805444,0.0022895704582872275
0.2,0.10909090909090909,B,0.7022426900300516,0.0016941748948309707,0.668622534526275,0.0036108068380384943,0.6854326122781633,0.001587942223475759
0.2,0.10909090909090909,naive,0.8586871398707631,0.0011478147900609783,0.4225419992983436,0.0059382990404396535,0.6406145695845532,0.0026546429774548757
0.2,0.11313131313131314,A,0.28612189421135104,0.004148121630351697,0.8652221482663498,0.0008289376864579211,0.5756720212388504,0.002051099239109417
0.2,0.11313131313131314,B,0.7173734052264991,0.0015573691157366692,0.6552246374522502,0.0032167213669387165,0.6862990213393746,0.001402112969779816
0.2,0.11313131313131314,naive,0.858131030987313,0.00117633576736088,0.4259000419708437,0.0050646965850359325,0.6420155364790783,0.002210122579388111
0.2,0.11717171717171718,A,0.2931133828613191,0.004772438688375688,0.8654387536319145,0.0008209769725677041,0.5792760682466168,0.0023711883024114264
0.2,0.11717171717171718,B,0.7299762900236098,0.0015536596659512468,0.6424053405138558,0.003495623848048753,0.6861908152687326,0.0016317316744686218
0.2,0.11717171717171718,naive,0.8565193288188953,0.0011358172370733882,0.4295627508541854,0.005677120285416623,0.6430410398365403,0.002568031278042491
0.2,0.12121212121212122,A,0.29299764509730103,0.004714129507895596,0.8637449059974129,0.0008687649530901864,0.578371275547357,0.0023333761978907037
0.2,0.12121212121212122,B,0.7452583133896422,0.0014825994739829152,0.6200192512468868,0.0035547545601932254,0.6826387823182646,0.0015345603264791832
0.2,0.12121212121212122,naive,0.8584196013992021,0.0010730466915419693,0.42146883261861734,0.005030644534525144,0.6399442170089098,0.002233676976955329
0.2,0.12525252525252525,A,0.3084105272313485,0.0047373297753405715,0.8616639490144871,0.0009209794428926283,0.5850372381229179,0.0022977715273497347
0.2,0.12525252525252525,B,0.7594216999587837,0.001396246341158234,0.605376921445645,0.003810111699037515,0.6823993107022145,0.0016828837589975946
0.2,0.12525252525252525,naive,0.8568618586755846,0.0011149460712337024,0.42908551614593904,0.005251812128606877,0.6429736874107619,0.0023289138342036746
0.2,0.1292929292929293,A,0.3190579630203809,0.004699924783638904,0.861852716567133,0.0008838356289042149,0.5904553397937569,0.0022557724512489545
0.2,0.1292929292929293,B,0.7734954046040494,0.001373741938938543,0.589449481369789,0.004105514420647462,0.6814724429869193,0.0017293591667795147
0.2,0.1292929292929293,naive,0.8573374666343132,0.0011494901811682748,0.43039986674762337,0.0051424822438715136,0.6438686666909683,0.00227732186573211
0.2,0.13333333333333333,A,0.32103787502604014,0.004718539838798444,0.8593862384653721,0.0009311927110091471,0.5902120567457061,0.0022814189580528587
0.2,0.13333333333333333,B,0.784392925149466,0.0013190709539626162,0.5679736231347925,0.004148206336433096,0.6761832741421293,0.0017545712425989627
0.2,0.13333333333333333,naive,0.8572737934595256,0.0011448960701926983,0.42322204372580335,0.005102700781087945,0.6402479185926644,0.0022436202736609424
0.2,0.13737373737373737,A,0.3191113123208428,0.005171871836990926,0.8582324084743637,0.0009371913764363536,0.5886718603976032,0.002462335332759388
0.2,0.13737373737373737,B,0.7964500770231883,0.0013323565787272274,0.5435133951185547,0.004722268386859571,0.6699817360708714,0.0020120226622941354
0.2,0.13737373737373737,naive,0.8578251512332001,0.0012117606087737075,0.41459846741593503,0.0055355430278463645,0.6362118093245676,0.0024494977997953408
0.2,0.1414141414141414,A,0.33970344764336063,0.0047895988571225985,0.8583597300041441,0.000856902832794335,0.5990315888237524,0.0022560363411372225
0.2,0.1414141414141414,B,0.8041051054055467,0.001194792291279925,0.544521097350103,0.004144297612589284,0.6743131013778247,0.0017874352355215883
0.2,0.1414141414141414,naive,0.8576201335446177,0.0011584927651958443,0.4280061338275513,0.004765962415555591,0.6428131336860844,0.0021062699262976046
0.2,0.14545454545454545,A,0.3505642863534446,0.0053642077116760264,0.8548703656360176,0.0010976553176017937,0.602717325994731,0.0025367027772814654
0.2,0.14545454545454545,B,0.8136954756304356,0.0012194155847687533,0.5300413892113,0.004943999689276532,0.6718684324208678,0.0021537751574528213
0.2,0.14545454545454545,naive,0.8571158240177558,0.0011648482863918298,0.43183295196861615,0.005493109927936695,0.6444743879931859,0.0024667690961363586
0.2,0.1494949494949495,A,0.34730501274651115,0.005522922467196608,0.8561233867362215,0.001007784638152148,0.6017141997413663,0.0025760320498676155
0.2,0.1494949494949495,B,0.8218058439985488,0.0010622077858076662,0.5096367725831427,0.005283149971816255,0.6657213082908455,0.002345828143785013
0.2,0.1494949494949495,naive,0.8577861587534602,0.0010660941919514964,0.42236546555241405,0.005611484838594552,0.640075812152937,0.002543990256595207
0.2,0.15353535353535352,A,0.35826083266510245,0.0055082910098911905,0.8531328024010384,0.0011166935562772595,0.6056968175330705,0.002533475380808659
0.2,0.15353535353535352,B,0.8292418659822696,0.0011225485982930621,0.4941557967752809,0.005526556352531762,0.6616988313787752,0.002388778396278096
0.2,0.15353535353535352,naive,0.8569655712127124,0.0012477360326321027,0.42180060947571635,0.005805955243621397,0.6393830903442145,0.002534544358827306
0.2,0.15757575757575756,A,0.3635150407365229,0.005942749368443537,0.8511230919369837,0.0010613780105263937,0.6073190663367533,0.0027239050857434466
0.2,0.15757575757575756,B,0.8373519242496675,0.0010540281857181436,0.47908908880082357,0.005367224729999776,0.6582205065252456,0.00234527796251035
0.2,0.15757575757575756,naive,0.8576595405915383,0.001148692050310975,0.4185769327630531,0.005711993405524956,0.6381182366772956,0.0025229323684669894
0.2,0.1616161616161616,A,0.38268973183399213,0.005251687165553619,0.8476702821493466,0.0011443218321094955,0.6151800069916693,0.002368223891250013
0.2,0.1616161616161616,B,0.8418965050503914,0.0009485617467945522,0.47432988779869817,0.004933189704714309,0.6581131964245449,0.0021735555675653426
0.2,0.1616161616161616,naive,0.855107354118273,0.0011951346076046615,0.4269578155912177,0.005132505309899578,0.6410325848547455,0.0022346597191258187
0.2,0.16565656565656567,A,0.38989616358112594,0.0057532944561604436,0.8480168508449065,0.0012612440665150451,0.6189565072130162,0.002543275703898183
0.2,0.16565656565656567,B,0.8487459186258869,0.0009732919962952717,0.46318536686820444,0.005482037768326546,0.6559656427470456,0.0024167988357465444
0.2,0.16565656565656567,naive,0.8573592533097089,0.0011812073818593925,0.42436477196079886,0.0056982825654121145,0.6408620126352538,0.002495681215717896
0.2,0.1696969696969697,A,0.39151538292984617,0.005592253800209638,0.8424895619064663,0.001305747620401558,0.6170024724181562,0.0024543157517067987
0.2,0.1696969696969697,B,0.8557746496991107,0.0008144151231986573,0.4390037554221164,0.005120589568822853,0.6473892025606136,0.0023039050978658623
0.2,0.1696969696969697,naive,0.8580962519836227,0.0011498691045853271,0.4134326075499866,0.005290577520614881,0.6357644297668047,0.0023288113572011242
0.2,0.17373737373737375,A,0.40861932548270796,0.006152092334970151,0.839405515922409,0.0013871731674792314,0.6240124207025585,0.0027172017049448952
0.2,0.17373737373737375,B,0.859715608548205,0.0008549004598560199,0.43557097464007827,0.005839966955522527,0.6476432915941416,0.00264203828570458
0.2,0.17373737373737375,naive,0.8580314774632402,0.0010114552310519188,0.41893743175711706,0.005966803467547312,0.6384844546101786,0.00267191887770719
0.2,0.17777777777777778,A,0.41483575611548973,0.005584099034280868,0.8403372058224043,0.0013449559331721126,0.6275864809689471,0.0024236704784939833
0.2,0.17777777777777778,B,0.864029954808794,0.0008743778606915839,0.4278202573525144,0.0055065255516912465,0.6459251060806542,0.0024590382266550695
0.2,0.17777777777777778,naive,0.8579787266814136,0.0012349192964105397,0.41938495365000944,0.005618836489266733,0.6386818401657116,0.002449294273421032
0.2,0.18181818181818182,A,0.4388143066527536,0.0055818623731297085,0.8307440757104152,0.0015341087071750379,0.6347791911815845,0.0023555803018741185
0.2,0.18181818181818182,B,0.8679980091365576,0.0007566544562968449,0.42043016904076347,0.005526718097259567,0.6442140890886605,0.0025271436145775307
0.2,0.18181818181818182,naive,0.8578291134646975,0.0011445852335329985,0.42064737857969736,0.005900216016320282,0.6392382460221974,0.002586874554733492
0.2,0.18585858585858586,A,0.4500220666669938,0.004919069878220462,0.828899996369136,0.0014974313465980938,0.639461031518065,0.002105328876501167
0.2,0.18585858585858586,B,0.8719137849428161,0.0007291510101370008,0.42041148023180885,0.004871827539903413,0.6461626325873125,0.0022435485486351483
0.2,0.18585858585858586,naive,0.8575889549091668,0.0010988636641613163,0.42875455145668256,0.005161008622259774,0.6431717531829247,0.0022815718473262908
0.2,0.1898989898989899,A,0.4572261190885146,0.005867054892467621,0.8263556808054616,0.0016039364843876253,0.6417908999469881,0.0024591180377192953
0.2,0.1898989898989899,B,0.8757465036412782,0.0007808044353576647,0.4071529303578951,0.0057245510242927514,0.6414497169995866,0.0026338006283210904
0.2,0.1898989898989899,naive,0.8578522638663588,0.0011527538405029807,0.4232182775534767,0.0059176704755661055,0.6405352707099178,0.0026426854785535454
0.2,0.19393939393939394,A,0.47526485422006337,0.005184959005798402,0.8178681820474651,0.001748345514227249,0.6465665181337643,0.002117446479454811
0.2,0.19393939393939394,B,0.8779775215073369,0.000725172569821126,0.3996292905545207,0.005269896488006518,0.6388034060309288,0.002426717614600246
0.2,0.19393939393939394,naive,0.8572507271557948,0.0011447263061600901,0.4218056843895812,0.005546025291801368,0.639528205772688,0.0024432116167451396
0.2,0.19797979797979798,A,0.49707313941513037,0.004706061548890799,0.8118672898506212,0.001754065850329682,0.6544702146328757,0.0018884650452387886
0.2,0.19797979797979798,B,0.8818929879588723,0.0006454926445074456,0.3993582575777942,0.004496399144169612,0.6406256227683332,0.0021014249156412995
0.2,0.19797979797979798,naive,0.857164666713515,0.001144728328417369,0.43060595139606045,0.004863550527846538,0.6438853090547877,0.0021323956647488333
0.2,0.20202020202020202,A,0.4985773172350145,0.0050062847980807765,0.8077215666206548,0.001803799210926798,0.6531494419278345,0.0020109993524291656
0.2,0.20202020202020202,B,0.8858406668133365,0.0006742925752018321,0.3809549313108698,0.00498577590608318,0.6333977990621031,0.0023046842069723485
0.2,0.20202020202020202,naive,0.8581998413085163,0.0012378577974776566,0.4199034685476298,0.005197045500133601,0.639051654928073,0.0022783939567704234
0.2,0.20606060606060606,A,0.5040466878373104,0.00589818952248381,0.8015721424816529,0.002015386275906069,0.6528094151594818,0.002413749947443926
0.2,0.20606060606060606,B,0.8878875455482523,0.0006185843624849869,0.36758206387372927,0.005713967597276922,0.6277348047109907,0.0026927510758363356
0.2,0.20606060606060606,naive,0.8597166766020665,0.001082036484958076,0.4092237863447673,0.005943809104129787,0.6344702314734169,0.002670137327430768
0.2,0.2101010101010101,A,0.5225991909340363,0.005483656993725617,0.7948908280799923,0.0020666778487989806,0.6587450095070144,0.0021132860247229813
0.2,0.2101010101010101,B,0.8901425032130402,0.0005810064211092292,0.36748712488153557,0.005240756086472801,0.6288148140472878,0.002471276002415668
0.2,0.2101010101010101,naive,0.8581021819231225,0.0010752795359650564,0.41564666296873864,0.005519646298114797,0.6368744224459306,0.0024758169537439714
0.2,0.21414141414141413,A,0.5464528255523079,0.004739492260343692,0.7855998339531578,0.002090299873156151,0.6660263297527328,0.001949440330380021
0.2,0.21414141414141413,B,0.8927312558868415,0.000601792740376891,0.3693564276329569,0.005470679977839262,0.631043841759899,0.002575327270079848
0.2,0.21414141414141413,naive,0.8586512337001961,0.0011520174732189599,0.42227124966247404,0.005846839532571508,0.640461241681335,0.0026254147678650623
0.2,0.21818181818181817,A,0.5660567581453597,0.004743791413144125,0.7796144250479766,0.0021976987970322597,0.6728355915966681,0.0018589904424438945
0.2,0.21818181818181817,B,0.8942657482724511,0.0005136788283988266,0.3753193858824167,0.004993089266458122,0.6347925670774339,0.0023896612228906204
0.2,0.21818181818181817,naive,0.8550882483767017,0.0010182458771432871,0.43926399380202996,0.005388379240583754,0.6471761210893657,0.0024382148041962536
0.2,0.2222222222222222,A,0.5669333776078122,0.00500289885438184,0.7681804259080346,0.0027284246849605632,0.6675569017579234,0.0017443468445731828
0.2,0.2222222222222222,B,0.8977772563799398,0.0005646957429919477,0.34629681531436823,0.005061716652881036,0.6220370358471541,0.0023762319066723426
0.2,0.2222222222222222,naive,0.8593298814004477,0.0011483391615327023,0.40985731967656447,0.00535348689244239,0.6345936005385061,0.002355916589394822
0.2,0.22626262626262628,A,0.5923184836944243,0.004255089640719036,0.7570813703282141,0.0025814130836134216,0.6746999270113192,0.00154737519274066
0.2,0.22626262626262628,B,0.8979461311193495,0.0005640404357681426,0.35678037351467284,0.004636210294328281,0.6273632523170112,0.0021856631000143263
0.2,0.22626262626262628,naive,0.856679888857175,0.0010901030394394222,0.426675869653205,0.0047065626084860914,0.64167787925519,0.0021119758163535966
0.2,0.23030303030303031,A,0.6026335462734037,0.004240049336605137,0.7512437464984015,0.00251261172469486,0.6769386463859027,0.0015934480184922554
0.2,0.23030303030303031,B,0.9000174000009928,0.0005097794060311724,0.3509421384589227,0.004792128017977896,0.6254797692299578,0.002315633799134207
0.2,0.23030303030303031,naive,0.8574305773964519,0.0010971516537067853,0.42585000170997434,0.0050156382366431315,0.6416402895532133,0.0023050853975263457
0.2,0.23434343434343435,A,0.6183605997834806,0.003971867615634577,0.7356060753600935,0.002845868786596655,0.6769833375717872,0.0016227425231150178
0.2,0.23434343434343435,B,0.9018629205766072,0.0005355296961265161,0.3418651215854149,0.004996511064831884,0.621864021081011,0.0024192933535277916
0.2,0.23434343434343435,naive,0.8583581040502064,0.001164658377825916,0.4176385429338755,0.005509573470077395,0.637998323492041,0.002520278644407139
0.2,0.2383838383838384,A,0.6301179123584756,0.003871649056226558,0.7275364287051336,0.0031248082347590436,0.6788271705318044,0.001515418173932985
0.2,0.2383838383838384,B,0.9035851262528807,0.000512143988056642,0.3352176604360222,0.0047213627797263605,0.6194013933444514,0.002271261610002855
0.2,0.2383838383838384,naive,0.8575055367289679,0.0011104933705354113,0.4180136516178177,0.005179363593083354,0.6377595941733928,0.002331745667943189
0.2,0.24242424242424243,A,0.6510370772731626,0.0030742668598230305,0.7130006225580233,0.003164036809989938,0.6820188499155929,0.0013170234183000383
0.2,0.24242424242424243,B,0.9051144918360374,0.0005195247971645835,0.3367724166304687,0.004480474609107745,0.620943454233253,0.0021321639502295303
0.2,0.24242424242424243,naive,0.8573102573730905,0.0011491046325514422,0.4238515109287711,0.0049795792675869435,0.6405808841509308,0.0021905775109464258
0.2,0.24646464646464647,A,0.6546380343389199,0.003485304388018959,0.7078201874027608,0.0030268456033110784,0.6812291108708404,0.0015147526297486493
0.2,0.24646464646464647,B,0.9063658472528684,0.0005068138997716599,0.3287533929569051,0.005218779994596108,0.6175596201048869,0.0024820508161601095
0.2,0.24646464646464647,naive,0.8574584659503763,0.0011844141479583302,0.4178804151593081,0.005796469227128186,0.6376694405548423,0.0025708392711626866
0.2,0.2505050505050505,A,0.6743300533060274,0.0029120558964155956,0.6955772683114483,0.0032863494173125834,0.684953660808738,0.0013865112276024575
0.2,0.2505050505050505,B,0.907870470647793,0.0004603261498207956,0.33113026478837143,0.004536660754017694,0.6195003677180821,0.0021861923000870954
0.2,0.2505050505050505,naive,0.8574252170051645,0.0010561868128425116,0.4246689003894339,0.005155785611381852,0.6410470586972992,0.002313181892221035
0.2,0.2545454545454545,A,0.6867685087395433,0.002617113259570402,0.6850345257691669,0.0030732443708351926,0.6859015172543552,0.0014064534407958655
0.2,0.2545454545454545,B,0.9095122284066468,0.0004564726896123835,0.32689304041999995,0.004596888531663809,0.6182026344133233,0.0022376652821000337
0.2,0.2545454545454545,naive,0.8586672396238328,0.0010436441619462223,0.42279273026803715,0.0051695002363795145,0.6407299849459349,0.002356081019904916
0.2,0.2585858585858586,A,0.6982488378186704,0.0024832875408190495,0.671525940099609,0.0035933359838889955,0.6848873889591397,0.0013896994399177922
0.2,0.2585858585858586,B,0.9109619842678192,0.0004233471256489102,0.322027564747389,0.004299102684906811,0.616494774507604,0.002081027618300877
0.2,0.2585858585858586,naive,0.8586772610676161,0.0010527814230447158,0.4218109267849103,0.005114506438490498,0.6402440939262632,0.0022620189490322484
0.2,0.26262626262626265,A,0.7132014937994061,0.0024150558011854966,0.6582443959383809,0.003745418150398896,0.6857229448688935,0.00154530786728639
0.2,0.26262626262626265,B,0.9117242630589979,0.00042386336190044713,0.32430141385569544,0.004601811390635456,0.6180128384573467,0.002237871000296333
0.2,0.26262626262626265,naive,0.8584600702138195,0.0010707228146463637,0.4268395139749012,0.005133032903922508,0.6426497920943604,0.002322536135017415
0.2,0.26666666666666666,A,0.7152974591835553,0.0025301083743666302,0.6520152891856987,0.003783191255283312,0.6836563741846271,0.0014649621891635785
0.2,0.26666666666666666,B,0.9120465814761997,0.0004561032897568312,0.3130507584808855,0.004615548944915174,0.6125486699785425,0.002207457586407368
0.2,0.26666666666666666,naive,0.8556039202608923,0.0011585178004867999,0.4219809118412519,0.005295572856780332,0.6387924160510721,0.0023199190361025755
0.2,0.27070707070707073,A,0.7264779058697448,0.002595030207536418,0.6402190363385575,0.004300335468897713,0.683348471104151,0.001656288147654507
0.2,0.27070707070707073,B,0.9132075706410895,0.00042215291716585094,0.31137289935632195,0.004901232806877742,0.6122902349987058,0.0023652826681258513
0.2,0.27070707070707073,naive,0.8558325375750505,0.0011204743658236882,0.42381702355656636,0.0056715483149569,0.6398247805658084,0.002517492183011173
0.2,0.27474747474747474,A,0.7403762759096416,0.002268283016762268,0.6246428541302191,0.004650743644714294,0.6825095650199304,0.0017979212248643384
0.2,0.27474747474747474,B,0.9144965345469044,0.0004421857970200567,0.3120857738835345,0.004808672323125246,0.6132911542152194,0.0023544499919714167
0.2,0.27474747474747474,naive,0.8581782390834185,0.001081987150104661,0.42195987994294376,0.005605801595291803,0.6400690595131812,0.002516958641979176
0.2,0.2787878787878788,A,0.7468463236990608,0.0021426204056248866,0.6142080265555694,0.004469287315877337,0.6805271751273151,0.0016789271274969813
0.2,0.2787878787878788,B,0.9151304816731871,0.0004593109229119715,0.30538734036931,0.004388287422351324,0.6102589110212486,0.002110568825330031
0.2,0.2787878787878788,naive,0.857154437825753,0.0012202835701745102,0.41952909383737264,0.005396546740466444,0.6383417658315628,0.002331470343844164
0.2,0.2828282828282828,A,0.7593337493287783,0.0020191216606867293,0.6068758876715902,0.005561585257541055,0.6831048185001842,0.0022938144892452935
0.2,0.2828282828282828,B,0.9162586606130444,0.0004221884084186186,0.3143580004050697,0.005388146182450022,0.6153083305090571,0.0026183128078971813
0.2,0.2828282828282828,naive,0.8584010705091086,0.0010845762508049145,0.4288222401947202,0.00625698798139207,0.6436116553519144,0.0028389052706516726
0.2,0.2868686868686869,A,0.7644049875554745,0.0018709512673590848,0.5940875029287754,0.004291311092673315,0.6792462452421251,0.0017010060019377138
0.2,0.2868686868686869,B,0.9170349569023659,0.0004183962326361406,0.3023179365937465,0.004241507839722753,0.6096764467480562,0.0020745711543678825
0.2,0.2868686868686869,naive,0.8561249342164206,0.0011773429498684101,0.42384825899414125,0.004983899946439753,0.6399865966052809,0.002206126632228411
0.2,0.2909090909090909,A,0.7738541174212972,0.0018521972199667623,0.586112863277477,0.004679360751128366,0.6799834903493871,0.0019541154713902335
0.2,0.2909090909090909,B,0.9181932116306484,0.00037055315881705876,0.30669909366636117,0.004581636812851091,0.6124461526485048,0.0022646881403245024
0.2,0.2909090909090909,naive,0.8575367849901312,0.0011248097040634823,0.4291055220714952,0.005324320630149223,0.6433211535308132,0.002441220778645177
0.2,0.29494949494949496,A,0.781994073914841,0.0018555947835344746,0.5727148547199532,0.005085186206860115,0.6773544643173972,0.001984819579524881
0.2,0.29494949494949496,B,0.9184888395432695,0.0004172625444539667,0.3022000883344899,0.004455505648184916,0.6103444639388798,0.0021621472797733994
0.2,0.29494949494949496,naive,0.8576850810899265,0.0011319170875265822,0.42535724622516113,0.005314253358563365,0.6415211636575439,0.0023560854139755
0.2,0.298989898989899,A,0.7884889967072496,0.0016129067841671016,0.5560488275433428,0.005311285162591044,0.6722689121252964,0.0021417642415840665
0.2,0.298989898989899,B,0.919141412558142,0.00037340732290688225,0.29364428255735336,0.004514187931514296,0.6063928475577477,0.0022200086497464735
0.2,0.298989898989899,naive,0.8575579929893755,0.0009851731602265649,0.4182110710985822,0.005379326068239428,0.6378845320439788,0.0024618164474150095
0.2,0.30303030303030304,A,0.7971639522310628,0.0015129217592815057,0.5498974293277181,0.0047859931078264965,0.6735306907793905,0.001935866037998038
0.2,0.30303030303030304,B,0.9201813234076996,0.00037392709913929717,0.2964824101038882,0.004171276128098396,0.608331866755794,0.0020518143013122697
0.2,0.30303030303030304,naive,0.8575046642487264,0.0010462601527366515,0.42560885466372306,0.004916859040523279,0.6415567594562248,0.002199884133910001
0.2,0.30707070707070705,A,0.8025069409876354,0.001465827060878754,0.5426150766376735,0.004876727654689094,0.6725610088126543,0.0019675148016161867
0.2,0.30707070707070705,B,0.9214381131178325,0.0004419324657797831,0.2935328306742122,0.0042397244476078495,0.6074854718960223,0.00207169745377615
0.2,0.30707070707070705,naive,0.8583751318619482,0.0012133859965419145,0.4229322882260512,0.00534646161213031,0.6406537100439996,0.0023445697470114175
0.2,0.3111111111111111,A,0.8083993017989554,0.0014627263851269665,0.5321787406488926,0.0051156157391781245,0.6702890212239241,0.0020920188369942185
0.2,0.3111111111111111,B,0.9212398680115684,0.0003964320960394339,0.29229666967781537,0.004270672011530165,0.6067682688446919,0.00206982332727996
0.2,0.3111111111111111,naive,0.8578223618056956,0.0011073982873777762,0.4235019707121303,0.0053562574277999505,0.6406621662589128,0.0023421192586569584
0.2,0.3151515151515151,A,0.8117826300792573,0.0014572598263996827,0.5213459172284093,0.005424272982532194,0.6665642736538334,0.0022234000229805688
0.2,0.3151515151515151,B,0.9216480132255191,0.0003824198506582565,0.28473850815786067,0.0043598299711627,0.6031932606916898,0.002135353951647598
0.2,0.3151515151515151,naive,0.8576347320030757,0.0011283231681670706,0.4171225438893438,0.005545266704745985,0.6373786379462096,0.00244224337207441
0.2,0.3191919191919192,A,0.8172657421149644,0.0013480592410295186,0.5218406942967831,0.005385654495874999,0.6695532182058739,0.002262238425869562
0.2,0.3191919191919192,B,0.9224416494211434,0.0003624317764011088,0.294785645213023,0.004470878098540009,0.6086136473170832,0.002203564846702511
0.2,0.3191919191919192,naive,0.8572405942592023,0.0010647114344812883,0.42944603843653495,0.005674964763893672,0.6433433163478688,0.0025441337564389216
0.2,0.3232323232323232,A,0.8257980983954271,0.0014238495280175995,0.49848563381489597,0.005701873548096932,0.6621418661051615,0.0024074671977173116
0.2,0.3232323232323232,B,0.9237589569103537,0.00037561040043873574,0.28005339170821936,0.004478497702217594,0.6019061743092865,0.002209074880804741
0.2,0.3232323232323232,naive,0.8599622253071898,0.001130954171581252,0.41455780436758927,0.0055472852066859955,0.6372600148373894,0.0025065754870898
0.2,0.32727272727272727,A,0.8280546960485496,0.0012279597777813385,0.4925186545938635,0.005599645443200098,0.6602866753212067,0.002358612126299128
0.2,0.32727272727272727,B,0.9238838020181339,0.0003684928026578058,0.2781019690187887,0.004403074267944867,0.6009928855184613,0.00215122878551524
0.2,0.32727272727272727,naive,0.8587894015856957,0.0010665731119696082,0.41573621334291955,0.005663231318315095,0.6372628074643077,0.0025035350837361216
0.2,0.33131313131313134,A,0.8329225817356334,0.0012458160635548609,0.4890582523813988,0.005340489482313096,0.660990417058516,0.002253658257454761
0.2,0.33131313131313134,B,0.9251031750025166,0.0003317099529456121,0.27928719292213755,0.004173689299395777,0.602195183962327,0.0020585147082343306
0.2,0.33131313131313134,naive,0.8584614526109334,0.0011200515736854509,0.4202981118657476,0.005419045572240963,0.6393797822383406,0.002398847568286435
0.2,0.33535353535353535,A,0.8353847268624903,0.0013280882572820466,0.4858254546783879,0.00598858765975089,0.660605090770439,0.002555547123647468
0.2,0.33535353535353535,B,0.9243030407389499,0.0004000326391217301,0.2827932295421806,0.004567681318379453,0.6035481351405653,0.002238494260035132
0.2,0.33535353535353535,naive,0.8580320932940785,0.0012228367082483458,0.42306481763780296,0.005873657649410138,0.6405484554659406,0.002592055473624357
0.2,0.3393939393939394,A,0.8386379144263068,0.0011297106740239004,0.4786562739792761,0.005765560140416204,0.6586470942027914,0.002489203051939036
0.2,0.3393939393939394,B,0.9248588976441278,0.0003594435322409295,0.2807096270841127,0.004585168812176566,0.6027842623641202,0.0022552932336770866
0.2,0.3393939393939394,naive,0.8566850023746474,0.0011132629448118198,0.42358954093230544,0.005705382478837576,0.6401372716534764,0.0025312884240812662
0.2,0.3434343434343434,A,0.8420783635519211,0.0011084482715567126,0.47869436386962094,0.00508757893098737,0.6603863637107711,0.0022333787450535634
0.2,0.3434343434343434,B,0.9257188072591866,0.0003673006356119005,0.28079504271883116,0.004128991927495462,0.6032569249890088,0.002060770583110565
0.2,0.3434343434343434,naive,0.8577909822597414,0.0010821459350789995,0.4275341566676628,0.005161424060968466,0.6426625694637019,0.002330491224226007
0.2,0.3474747474747475,A,0.8454723339634603,0.0010828253148823738,0.46151671607483225,0.006010294603359796,0.6534945250191463,0.002646687672568544
0.2,0.3474747474747475,B,0.9255829175602648,0.0003363577791796682,0.27405759973131794,0.0046215988040225475,0.5998202586457914,0.0022895312935621802
0.2,0.3474747474747475,naive,0.8567500269837788,0.0011287012199860508,0.4182546911247612,0.0059962326890337135,0.63750235905427,0.0026981536801359025
0.2,0.3515151515151515,A,0.8495164569831356,0.0009997510051349939,0.4632476142262426,0.005335772871313962,0.6563820356046891,0.0023703595749498697
0.2,0.3515151515151515,B,0.9266072719816273,0.0003689018545741926,0.27809058287324406,0.00430620521753454,0.6023489274274357,0.0021357261007301
0.2,0.3515151515151515,naive,0.8581342412981617,0.0010961921974641624,0.42454568781670604,0.005357885042006018,0.6413399645574338,0.0024271218118656294
0.2,0.35555555555555557,A,0.8519614119901882,0.0009920737177110126,0.4535383382637033,0.005263149031233166,0.6527498751269458,0.002309971387326547
0.2,0.35555555555555557,B,0.9268907441473871,0.0003161061191753507,0.27110240618459114,0.0040655236876992636,0.598996575165989,0.0020117932416516063
0.2,0.35555555555555557,naive,0.8585013504375795,0.001041593499288358,0.42150692694372643,0.005021164639674519,0.640004138690653,0.0022485279607231882
0.2,0.3595959595959596,A,0.856184589124455,0.0009558806510540555,0.4466724540540692,0.005212524068782198,0.6514285215892621,0.002294057385038545
0.2,0.3595959595959596,B,0.9274567492019223,0.0003564117413545533,0.2721713105675103,0.004074292267155557,0.5998140298847163,0.0020215720912418
0.2,0.3595959595959596,naive,0.8595274755509495,0.0010549686359901805,0.41905548848810786,0.0052220508817998985,0.6392914820195287,0.0023162488168397854
0.2,0.36363636363636365,A,0.8574622894994098,0.0008855809166168404,0.44284462582316564,0.005340891449169196,0.6501534576612877,0.002406581449070429
0.2,0.36363636363636365,B,0.9270371523348406,0.0003382062646308179,0.2722824100054092,0.004231476165830709,0.5996597811701249,0.00209825761581481
0.2,0.36363636363636365,naive,0.8578970830192756,0.0009783569987472187,0.4218185111562213,0.0052581303020481805,0.6398577970877485,0.0024056251801936016
0.2,0.36767676767676766,A,0.8596835165004143,0.0009481898373828025,0.43850497060395427,0.005522982408730492,0.6490942435521841,0.002463255379654075
0.2,0.36767676767676766,B,0.9276235040260512,0.0003587215143208306,0.2702456276672694,0.004142169257542125,0.5989345658466603,0.002044851285455067
0.2,0.36767676767676766,naive,0.8567765124022771,0.0011423641998022215,0.4248154090608156,0.005471085208905941,0.6407959607315464,0.0024184043923926916
0.2,0.3717171717171717,A,0.8626699269374869,0.0010174102104024128,0.42890301132816594,0.00595046215102833,0.6457864691328266,0.002631360020172245
0.2,0.3717171717171717,B,0.9281115072870162,0.0003672241579505865,0.26706212126769024,0.004483218473438307,0.5975868142773533,0.0021985821960214223
0.2,0.3717171717171717,naive,0.8578550978050261,0.0011216324140904865,0.41837827047822146,0.0056536265912243274,0.6381166841416238,0.002542500981122391
0.2,0.37575757575757573,A,0.8641679513130438,0.0008792145244639749,0.43423302164961086,0.004968462195180272,0.6492004864813273,0.002243681638999105
0.2,0.37575757575757573,B,0.9284265581297637,0.00035094390317689524,0.27169889823826066,0.003962553025237239,0.6000627281840123,0.0019698934447258754
0.2,0.37575757575757573,naive,0.8570164535641305,0.0011710994648271625,0.4277013166703607,0.005014997296876422,0.6423588851172455,0.0022429097773242106
0.2,0.3797979797979798,A,0.8680784674650894,0.0009094643757534796,0.42573370710334574,0.005054040493442132,0.6469060872842176,0.002263502332749229
0.2,0.3797979797979798,B,0.9295412079499786,0.0003850589608302956,0.26816974499010565,0.0038723764263197016,0.5988554764700421,0.0019197058186367342
0.2,0.3797979797979798,naive,0.8583298694304156,0.0011969621605175658,0.42466203050462903,0.005124136634589984,0.6414959499675222,0.0022512664841666456
0.2,0.3838383838383838,A,0.8704207083479619,0.0008903343909909716,0.4158593435225526,0.0057172721705686744,0.6431400259352573,0.0025826618876115914
0.2,0.3838383838383838,B,0.9299443669259663,0.0003449379427881526,0.2636348807173664,0.004247336724059194,0.5967896238216662,0.0021065758250512732
0.2,0.3838383838383838,naive,0.859117992407951,0.0011338418093607854,0.4184066310844752,0.005759552569064235,0.6387623117462131,0.002576899530822853
0.2,0.3878787878787879,A,0.8708508428880611,0.0007781262652482158,0.4233176923903835,0.005118940325115484,0.6470842676392223,0.0023570209516082788
0.2,0.3878787878787879,B,0.929180026083181,0.0003559604687264415,0.2729321221730217,0.004002328805203123,0.6010560741281012,0.0019954991626850416
0.2,0.3878787878787879,naive,0.8566635355869436,0.0010368880897963179,0.4310507538570596,0.005144605867065944,0.6438571447220016,0.002314507417518017
0.2,0.39191919191919194,A,0.8738714466668478,0.0007884449324591352,0.40875273176525684,0.005197873655749127,0.6413120892160523,0.002333638427314914
0.2,0.39191919191919194,B,0.9300584276327245,0.00030995610702867055,0.2626488031377242,0.00395521739624364,0.5963536153852244,0.0019532077944811508
0.2,0.39191919191919194,naive,0.8571677322479746,0.0011714297895470236,0.4221872602847542,0.0053458317544779295,0.6396774962663645,0.0023112884637677775
0.2,0.39595959595959596,A,0.875238428957788,0.0007633892771994231,0.40351764850550303,0.005687989118333819,0.6393780387316456,0.002624474708931024
0.2,0.39595959595959596,B,0.9298136393278988,0.00036796750132308544,0.26158786926003025,0.004207553171444916,0.5957007542939646,0.002115426292884212
0.2,0.39595959595959596,naive,0.857790288460047,0.0011251822916493405,0.41983101706664416,0.0056569402419974595,0.6388106527633457,0.002588981572347981
0.2,0.4,A,0.8773000862583992,0.0008202639037242624,0.39639503031974344,0.00591734371152057,0.6368475582890712,0.0027078371394122017
0.2,0.4,B,0.9306589781771356,0.0003753957102024014,0.2563388426902923,0.004300592174804713,0.5934989104337138,0.0021353085625504223
0.2,0.4,naive,0.8571182126629756,0.0012180860710400555,0.4165598454179081,0.006166866155069993,0.6368390290404419,0.002730205686352115
0.4,0.0,A,0.3459648269244927,0.0027650383692819757,0.8665061539445739,0.0008386509130794882,0.6062354904345334,0.0014901088701290812
0.4,0.0,B,0.3459648269244927,0.0027650383692819757,0.8665061539445742,0.000838650913079489,0.6062354904345334,0.0014901088701290818
0.4,0.0,naive,0.8588652947094314,0.0008205517901288123,0.6403621163428573,0.002696734263040893,0.7496137055261444,0.0013624344258234755
0.4,0.00404040404040404,A,0.3495140877967202,0.0026909262336577856,0.8660881732083351,0.0009239770689661117,0.6078011305025277,0.0014814973248743234
0.4,0.00404040404040404,B,0.3631306243807221,0.002656796173024951,0.8679129970575219,0.0009050973326003483,0.615521810719122,0.0014587858863768825
0.4,0.00404040404040404,naive,0.8593098954143272,0.0008491631221099221,0.6403043747717664,0.002751871554046066,0.7498071350930468,0.0013855229072901522
0.4,0.00808080808080808,A,0.35683080345847634,0.002585206809470808,0.8660983041366621,0.0008755496016374462,0.6114645537975693,0.0014130067045768546
0.4,0.00808080808080808,B,0.38386226419092073,0.002515901012296953,0.8693276442213755,0.0008272378327617251,0.6265949542061482,0.0013612921625404983
0.4,0.00808080808080808,naive,0.8591526089759344,0.000858546132616402,0.6444536948112686,0.0025283139766838305,0.7518031518936016,0.0012205327443482415
0.4,0.012121212121212121,A,0.3643132357001862,0.0029196691807434273,0.8682857067485783,0.0008810448860175247,0.6162994712243822,0.001585683835434094
0.4,0.012121212121212121,B,0.4042897389285389,0.002792834472691493,0.8723661453381795,0.0008269016163292953,0.6383279421333591,0.0014998626304736798
0.4,0.012121212121212121,naive,0.8587753141919561,0.0008898159088723094,0.6474355581613004,0.0026809306166887584,0.7531054361766283,0.0013067722434707955
0.4,0.01616161616161616,A,0.36507384950540933,0.002834120981302346,0.8686829142442687,0.0007685434173306169,0.616878381874839,0.0014932877784981577
0.4,0.01616161616161616,B,0.4181644700240662,0.0026811250117760284,0.8730225277594269,0.0007427558198358431,0.6455934988917466,0.0013926102018499162
0.4,0.01616161616161616,naive,0.8589032319411832,0.0008908578898796407,0.6435156882559128,0.00260280392256092,0.7512094600985479,0.0012281652522687675
0.4,0.0202020202020202,A,0.3649617696088472,0.0027601365131463013,0.8692345878975622,0.0008895179225153831,0.6170981787532047,0.0015284862558031882
0.4,0.0202020202020202,B,0.43158297216329816,0.002546341588178277,0.873370081360455,0.0008317462571420279,0.6524765267618767,0.0013965704886639643
0.4,0.0202020202020202,naive,0.857891391406109,0.0009040792132207061,0.6392172479347084,0.002590499551625664,0.7485543196704089,0.0012902156489486378
0.4,0.024242424242424242,A,0.37280697998029383,0.0028412061234463887,0.8700441401025532,0.0008608916208843334,0.6214255600414235,0.0015630726004053478
0.4,0.024242424242424242,B,0.45165439590094153,0.002548651619555188,0.8736584669166961,0.0008216913085205742,0.6626564314088189,0.0013889644312643145
0.4,0.024242424242424242,naive,0.8582221453075087,0.000880608785253267,0.642395639602459,0.0026991516391514383,0.750308892454984,0.001322852476300189
0.4,0.028282828282828285,A,0.3790801442745946,0.00270259086232517,0.8709781767914625,0.0008442797139615006,0.6250291605330285,0.0014406428104581028
0.4,0.028282828282828285,B,0.47040117255959835,0.0023768983360055946,0.8737823810220542,0.0007991448852573283,0.6720917767908261,0.0012687240722425983
0.4,0.028282828282828285,naive,0.8589580316904412,0.0008306999811545982,0.6445000468690287,0.0025957720390468826,0.7517290392797348,0.0012607231694329133
0.4,0.03232323232323232,A,0.38668527906547195,0.0028442699987162555,0.8701911846434336,0.0008426377828741785,0.6284382318544529,0.0015627742417906783
0.4,0.03232323232323232,B,0.49020955160134727,0.0024435445712404115,0.8711848631524481,0.0008054014088116836,0.6806972073768978,0.00133072947358549
0.4,0.03232323232323232,naive,0.8601378731015301,0.0007760502729411928,0.643972936155642,0.00252773044396749,0.7520554046285861,0.001255929454956482
0.4,0.03636363636363636,A,0.3891523058858318,0.0032432118727575014,0.8715115186141728,0.0007735198778595415,0.6303319122500022,0.0017254382680627807
0.4,0.03636363636363636,B,0.5046148003655897,0.0026964810960959473,0.8703905672868885,0.0007366074543626616,0.687502683826239,0.0014179184978190581
0.4,0.03636363636363636,naive,0.8591390066031056,0.0008216747759326286,0.6407416511699654,0.0029621926753184216,0.7499403288865355,0.0014316676073633807
0.4,0.0404040404040404,A,0.39261841680892773,0.002808772874204696,0.8704816769311603,0.0008148806701068456,0.6315500468700441,0.001498695271444825
0.4,0.0404040404040404,B,0.5195991525897101,0.002309293396230101,0.8673983095363971,0.0008452488620169542,0.6934987310630535,0.0012015631461726047
0.4,0.0404040404040404,naive,0.8588348825212503,0.0008176824709684512,0.6420247824332832,0.002446542776043149,0.7504298324772668,0.0011930094964911814
0.4,0.044444444444444446,A,0.395580991795796,0.0029436177245080143,0.8714748926875526,0.0007439889114244874,0.6335279422416743,0.0015978160301182633
0.4,0.044444444444444446,B,0.5349961072822164,0.002325948655851597,0.8650524710350195,0.0007793078369432631,0.700024289158618,0.0012930160292371426
0.4,0.044444444444444446,naive,0.8585260324736974,0.0008754429822489728,0.6396044693987494,0.0027140278734576347,0.7490652509362234,0.0013520853067846498
0.4,0.048484848484848485,A,0.404014856233305,0.002904009985565688,0.8706547417957791,0.0008195764062080338,0.637334799014542,0.0015316527909521066
0.4,0.048484848484848485,B,0.5536340607694601,0.002234375033242608,0.860536285732502,0.000862716111953484,0.7070851732509809,0.0011741858682580474
0.4,0.048484848484848485,naive,0.8586466419811442,0.0008495370482332674,0.6386645504026797,0.002464346155212191,0.7486555961919117,0.0012281472746020882
0.4,0.052525252525252523,A,0.420384665386736,0.0028668444555687805,0.8727105614136539,0.0008091466730721873,0.6465476134001951,0.0015494306412761915
0.4,0.052525252525252523,B,0.5768187546888648,0.0021056449757224137,0.8595146396087867,0.0008838785085210614,0.7181666971488258,0.0011511519041550516
0.4,0.052525252525252523,naive,0.8592777443502675,0.0008101782052279492,0.649892372940514,0.0025157965111678613,0.7545850586453909,0.0012372043996627111
0.4,0.05656565656565657,A,0.4216758443846653,0.0029831949722746616,0.8720122681190337,0.0008041040574264978,0.6468440562518495,0.001575610458050857
0.4,0.05656565656565657,B,0.5908762534589546,0.0020928432104599386,0.8534342245523837,0.0009401056112234485,0.7221552390056692,0.0011388515835950833
0.4,0.05656565656565657,naive,0.8596690584619313,0.000869726859608614,0.6425946701308207,0.002666205545834635,0.7511318642963761,0.0012899456766244126
0.4,0.06060606060606061,A,0.42408673919156714,0.0029201234933637016,0.8727412911790503,0.0008216968055871421,0.6484140151853088,0.001560590318686397
0.4,0.06060606060606061,B,0.6034643505600961,0.0019890548839961806,0.850142539931671,0.000969435697610149,0.7268034452458835,0.0011143344875185113
0.4,0.06060606060606061,naive,0.8598728759201086,0.0008455682334609912,0.6416317019557806,0.0027060406375020983,0.7507522889379444,0.0013095381400630554
0.4,0.06464646464646465,A,0.4255730351010111,0.002852682701920576,0.873230996572878,0.0007754144096288601,0.6494020158369446,0.0015266831358442402
0.4,0.06464646464646465,B,0.6154190293895213,0.0018758035720237319,0.8450098095160351,0.0010450236455223764,0.730214419452778,0.0010833312218045579
0.4,0.06464646464646465,naive,0.8585172948257997,0.0008647674847332764,0.6387335766346159,0.002717999633138998,0.7486254357302079,0.0012952000216570072
0.4,0.06868686868686869,A,0.4398456877111959,0.0031056363391029403,0.8727281453174719,0.0007643421716817695,0.6562869165143339,0.0016416792714444223
0.4,0.06868686868686869,B,0.6352466880235764,0.0019683499962658444,0.8398106991682339,0.0010222800828419269,0.737528693595905,0.0011196787891427542
0.4,0.06868686868686869,naive,0.861203823565944,0.0008145294342551886,0.6416164974427813,0.002679318274738511,0.7514101605043626,0.0013426885344803472
0.4,0.07272727272727272,A,0.4429052882844904,0.0030836457016354887,0.872227905405177,0.0007612983369140401,0.6575665968448337,0.0016076453924976951
0.4,0.07272727272727272,B,0.6478167098465246,0.0018785156027330515,0.8333983626356756,0.0010349945172180041,0.7406075362411002,0.0011023439022059462
0.4,0.07272727272727272,naive,0.8596526182116259,0.0009278327352788269,0.6413973830992162,0.0026468421411378787,0.750525000655421,0.0013234750294167453
0.4,0.07676767676767676,A,0.44884265673828944,0.0031926683496273658,0.8731874923094565,0.0007591762463146068,0.661015074523873,0.0016756309734090554
0.4,0.07676767676767676,B,0.6600067152386363,0.0019147860525283171,0.8293765031892663,0.0009881672767415976,0.7446916092139513,0.0011132394879422134
0.4,0.07676767676767676,naive,0.8591830166746118,0.0009334481127172381,0.6438023125693709,0.0025287085919553703,0.7514926646219914,0.001283274988911988
0.4,0.0808080808080808,A,0.44500874210448044,0.0033727594191659436,0.8716824923179177,0.0008002266021761666,0.6583456172111991,0.0017245654757666639
0.4,0.0808080808080808,B,0.6688366926228788,0.0018690253615619,0.8191117593507866,0.001240062566161028,0.7439742259868328,0.001138066580479296
0.4,0.0808080808080808,naive,0.8587601723938028,0.0009185994765618314,0.632228744231635,0.002731392836458706,0.745494458312719,0.0013948096107227665
0.4,0.08484848484848485,A,0.4591115451216281,0.0030658308581185626,0.8721329398323138,0.0007619134039086994,0.665622242476971,0.0015994222699871653
0.4,0.08484848484848485,B,0.6850183067343681,0.0015932125661313379,0.8148687856784327,0.0011605973246999175,0.7499435462064004,0.0010166038793070812
0.4,0.08484848484848485,naive,0.858406160591437,0.0008332217653925246,0.6414291617781939,0.0026379785390965487,0.7499176611848155,0.0012732017610350198
0.4,0.08888888888888889,A,0.4690901023617298,0.003211625410316964,0.8719054061466209,0.0007700041290465396,0.6704977542541753,0.0016208787193224992
0.4,0.08888888888888889,B,0.6997988349749948,0.0016123087672359298,0.8073721576272536,0.0012645937229640008,0.7535854963011244,0.0010555964848009852
0.4,0.08888888888888889,naive,0.8600970048137617,0.0008906461960250695,0.6393394901704605,0.002657805041303033,0.7497182474921111,0.001334437704990025
0.4,0.09292929292929293,A,0.47397921759694467,0.0028732043729901013,0.8707275949825031,0.0007308891208674081,0.6723534062897238,0.0014596388250724826
0.4,0.09292929292929293,B,0.7102408835979145,0.0015049950951926865,0.8004049912174045,0.0013039737273087462,0.7553229374076593,0.0009491712035240504
0.4,0.09292929292929293,naive,0.858490339167148,0.0008272933589715011,0.6419371043698192,0.0024793032688157435,0.7502137217684836,0.0012207465258254621
0.4,0.09696969696969697,A,0.4838245176077118,0.0031268201518584874,0.8721669908852263,0.0007918096241483607,0.6779957542464689,0.001579436888624468
0.4,0.09696969696969697,B,0.7228955326119817,0.0014408378034462233,0.7940478407046941,0.0013905267989591903,0.7584716866583378,0.0010322407272936557
0.4,0.09696969696969697,naive,0.8595106939815019,0.0008470866248284365,0.6420004112394276,0.002690234535988956,0.7507555526104648,0.0013317582273888167
0.4,0.10101010101010101,A,0.4898311841160037,0.0031131551630988034,0.8717073385451991,0.0007642992146809197,0.6807692613306014,0.001606433687769045
0.4,0.10101010101010101,B,0.7336245674414872,0.0013641860277415466,0.7857751650023256,0.0015110126721862302,0.7596998662219064,0.0010358802978777987
0.4,0.10101010101010101,naive,0.8592504215772352,0.0008548720314817173,0.6397809544152576,0.0026045045537919044,0.7495156879962466,0.0013220521939853885
0.4,0.10505050505050505,A,0.5022699267869741,0.003230923086153721,0.8703006516930583,0.0008449603428453538,0.6862852892400162,0.001653765848315233
0.4,0.10505050505050505,B,0.746004594619983,0.0013799318875085487,0.7802555507954599,0.001562737556009374,0.7631300727077215,0.0010510218573316487
0.4,0.10505050505050505,naive,0.8590222720966151,0.0008786479102426513,0.645446338623944,0.002672904511479851,0.7522343053602796,0.0013194081387438265
0.4,0.10909090909090909,A,0.503175267502469,0.0032142318739530047,0.870567434030167,0.0007899136801480548,0.6868713507663179,0.00163722667949096
0.4,0.10909090909090909,B,0.7546209125643694,0.0012318699940183908,0.7727814647143367,0.0016329762615586608,0.763701188639353,0.0010655662809538537
0.4,0.10909090909090909,naive,0.8597464315463961,0.00083850293053947,0.6434291544553358,0.0028336806316245065,0.751587793000866,0.00138880062008557
0.4,0.11313131313131314,A,0.5113601957304268,0.003116870803659546,0.8697925490926477,0.0008081666832837241,0.6905763724115372,0.0015062067689599903
0.4,0.11313131313131314,B,0.7642033710388151,0.0012176425316762754,0.7657983439751075,0.001439295707610381,0.7650008575069613,0.0009079502360024833
0.4,0.11313131313131314,naive,0.8596747421429349,0.0008739067859884985,0.6442813175974145,0.002360227910422883,0.7519780298701747,0.001156852589359709
0.4,0.11717171717171718,A,0.5183901524017455,0.0030064804927744425,0.8681336345654578,0.0008232867629509899,0.6932618934836016,0.001508572906693955
0.4,0.11717171717171718,B,0.7724406639773612,0.0011678909502167048,0.7557593327855358,0.0018482571864865567,0.7640999983814486,0.0010647696571834278
0.4,0.11717171717171718,naive,0.8582696992296391,0.0009101380259616761,0.6429803552631301,0.0027028444308058105,0.7506250272463846,0.0013354204447866063
0.4,0.12121212121212122,A,0.5224043024643634,0.002626418891722473,0.8675429625222213,0.0007950450506466483,0.6949736324932922,0.001328736445420724
0.4,0.12121212121212122,B,0.7812761441265537,0.0010073586859598712,0.7475576483594133,0.001719307325703046,0.7644168962429836,0.0009165394190855236
0.4,0.12121212121212122,naive,0.859688825034723,0.0008593500756205192,0.640500410181838,0.002396226078429832,0.7500946176082804,0.0011470733110330285
0.4,0.12525252525252525,A,0.535817944833386,0.0030579485966977247,0.8663446276681677,0.0008048470214428482,0.7010812862507768,0.0015140380078838063
0.4,0.12525252525252525,B,0.7897996408065248,0.000985413799558991,0.7416147136128575,0.0017970984243967797,0.7657071772096913,0.0010002314657001912
0.4,0.12525252525252525,naive,0.8585721283270523,0.0008048523669552628,0.6439225199591269,0.0025331129632723878,0.7512473241430897,0.0012476641743862165
0.4,0.1292929292929293,A,0.5390681553392696,0.0030190033996471,0.8654738134704434,0.00085247317320732,0.7022709844048564,0.0015106605104223544
0.4,0.1292929292929293,B,0.7966959255802151,0.0009915080666310892,0.7329272865367962,0.0018309243890531218,0.7648116060585056,0.0010383350496922118
0.4,0.1292929292929293,naive,0.8584818469177818,0.0008768043580715055,0.6415653726570655,0.00262312853109808,0.7500236097874236,0.001275385932810547
0.4,0.13333333333333333,A,0.5493055496042705,0.0028953735360202843,0.8621615894214689,0.000913941210161268,0.7057335695128697,0.0014544217310596122
0.4,0.13333333333333333,B,0.8048926235728908,0.0009316657398458234,0.7251720437256595,0.001962751309657929,0.7650323336492749,0.0010508877879232554
0.4,0.13333333333333333,naive,0.8597358294203405,0.0008118535395638806,0.6417068186696736,0.0025825180275617157,0.750721324045007,0.0012546059236017881
0.4,0.13737373737373737,A,0.556463095582281,0.002938411213627197,0.8618255843611894,0.0008083457085057234,0.7091443399717352,0.0014141990613435176
0.4,0.13737373737373737,B,0.8110164955694978,0.0010003121803826777,0.7184239224335286,0.001805171871742506,0.7647202090015132,0.0010261999496009898
0.4,0.13737373737373737,naive,0.8587333486172455,0.0009229420814181722,0.6432106187475309,0.002398343574847185,0.7509719836823883,0.0012117404941171096
0.4,0.1414141414141414,A,0.5665207374007142,0.0029874133393323742,0.8600143672974935,0.0008055956584054744,0.7132675523491039,0.001514152483043315
0.4,0.1414141414141414,B,0.8183295084964898,0.0009250159537536226,0.7121838483767026,0.002042442952165787,0.7652566784365962,0.0011344669481628824
0.4,0.1414141414141414,naive,0.8595631388578123,0.0008222056066359272,0.6433105593241916,0.0025582684527205124,0.7514368490910018,0.0012958931444578437
0.4,0.14545454545454545,A,0.5757945677276528,0.0031285837021439444,0.8586855164549694,0.0009112612601558058,0.717240042091311,0.0015300910754070661
0.4,0.14545454545454545,B,0.8249752519264015,0.0009213623915893279,0.7061074098768297,0.002161619851860574,0.7655413309016156,0.0011893458239106024
0.4,0.14545454545454545,naive,0.8606893470452319,0.0009143854486914874,0.6438859904738135,0.0025395695438478164,0.7522876687595228,0.0013101988918928207
0.4,0.1494949494949495,A,0.5760566711226914,0.0031242255128038124,0.8569223363881142,0.000968149698461099,0.7164895037554028,0.0015323026820916227
0.4,0.1494949494949495,B,0.829051788320667,0.0008409453935613387,0.6976663117067587,0.002286573701821547,0.7633590500137128,0.0012109006704347587
0.4,0.1494949494949495,naive,0.8579592064224058,0.000841696014474247,0.6425059437928163,0.0026312972865236654,0.750232575107611,0.0013343904585483984
0.4,0.15353535353535352,A,0.5913194263645875,0.0027884602112773498,0.853667914773816,0.0009108477464136483,0.7224936705692017,0.0013795548777966902
0.4,0.15353535353535352,B,0.8374992497101751,0.0008040008586696706,0.6882718853938755,0.0020723240979158173,0.7628855675520252,0.001129951601393149
0.4,0.15353535353535352,naive,0.860493458794496,0.0008705025838908469,0.6417183606041273,0.002323784162206817,0.7511059096993117,0.0012264172078697486
0.4,0.15757575757575756,A,0.596688964578724,0.0027184637230176435,0.8538377790642349,0.0009933105117977622,0.7252633718214794,0.0012937369136125079
0.4,0.15757575757575756,B,0.839912814947923,0.0007154062563258157,0.6905103773713407,0.002119159735782073,0.765211596159632,0.0010757431128477419
0.4,0.15757575757575756,naive,0.8588801716048505,0.0008335388716911728,0.6500404536438467,0.002460543126799989,0.7544603126243488,0.0011885479348945857
0.4,0.1616161616161616,A,0.6051482890027748,0.00270302867827763,0.8494751967005173,0.0009079437268076869,0.727311742851646,0.0013149451764072149
0.4,0.1616161616161616,B,0.8467592977753731,0.0007388399551932395,0.6760071926942598,0.002296385704298168,0.7613832452348163,0.0011629672372499762
0.4,0.1616161616161616,naive,0.8601364829731186,0.0008731921390046011,0.6419683148526782,0.0025842227187633003,0.7510523989128984,0.001264080225777597
0.4,0.16565656565656567,A,0.6137859057111857,0.002725226334542585,0.8474056838586236,0.0009290376643477489,0.7305957947849048,0.0013194247713112718
0.4,0.16565656565656567,B,0.8514717327084176,0.0006393424718256444,0.6712321205985211,0.0022698107596371537,0.7613519266534694,0.001181610370860219
0.4,0.16565656565656567,naive,0.8598931959380874,0.0008088602409411897,0.6439004984076141,0.002574608425621965,0.7518968471728508,0.0012922005360713083
0.4,0.1696969696969697,A,0.6189998559699023,0.0028146870714042455,0.8453095362469892,0.0011030521005304412,0.7321546961084457,0.0013574946072487453
0.4,0.1696969696969697,B,0.8549300486893543,0.0006856121604468959,0.6632520456443122,0.0025307387793432677,0.7590910471668332,0.0012652925500211312
0.4,0.1696969696969697,naive,0.8590948765223981,0.000854293888158652,0.6426760400098065,0.0027000997987421333,0.7508854582661022,0.0013136810003136121
0.4,0.17373737373737375,A,0.627410731906637,0.002430857889325795,0.8419205808919092,0.001017496223845848,0.7346656563992731,0.0011824560984932818
0.4,0.17373737373737375,B,0.8596428719104117,0.0006728277663686529,0.6557122945842285,0.0024707661123385474,0.75767758324732,0.0012057339818750171
0.4,0.17373737373737375,naive,0.8600413725098914,0.0008764021853247541,0.6409571043276227,0.0025225276875316233,0.7504992384187571,0.0012318638759993002
0.4,0.17777777777777778,A,0.632247832151712,0.0024171098489989334,0.8390751585005164,0.0010277088018627696,0.735661495326114,0.0012196674532979842
0.4,0.17777777777777778,B,0.8625202597362138,0.0006217737850936153,0.6504977376280118,0.0024214687415448277,0.756508998682113,0.0012015994621956357
0.4,0.17777777777777778,naive,0.8590961094227761,0.0008360527157386443,0.6413518136723342,0.0024900232343393956,0.7502239615475551,0.0012288905188679831
0.4,0.18181818181818182,A,0.643072924770676,0.0024073730879592,0.8362337678349968,0.0010511068470837545,0.7396533463028365,0.0012177929597483367
0.4,0.18181818181818182,B,0.8656186908766925,0.0005705479483486514,0.6494576265097102,0.002367816306777758,0.7575381586932014,0.001182264849810943
0.4,0.18181818181818182,naive,0.8578194649459933,0.0008706877424144088,0.6467155015683081,0.0025069710569174844,0.7522674832571506,0.0012389215174433963
0.4,0.18585858585858586,A,0.6497734912229903,0.0024246607337348085,0.8350430919822627,0.00102218165162779,0.7424082916026264,0.0012182741959553991
0.4,0.18585858585858586,B,0.8688031114082295,0.000652225568089541,0.6458737249691475,0.0023763137038819906,0.7573384181886885,0.0012159360947756976
0.4,0.18585858585858586,naive,0.8577788475952858,0.0008954449274988435,0.6484575825531488,0.0023974002970560135,0.7531182150742172,0.0012369583235888077
0.4,0.1898989898989899,A,0.6533009118787352,0.0025849273464911295,0.8304348845998802,0.0011143580008919514,0.7418678982393078,0.001252413854845007
0.4,0.1898989898989899,B,0.8727624931252391,0.0005887976837805094,0.6318492646154202,0.00259152734277704,0.7523058788703298,0.0012739343495648113
0.4,0.1898989898989899,naive,0.8584449294173874,0.0008859443620566465,0.640587460179947,0.0025389192969539668,0.749516194798667,0.0012613976360972513
0.4,0.19393939393939394,A,0.661750290373416,0.002444963965762344,0.8274274458624958,0.001196909992945506,0.744588868117956,0.001229940768905742
0.4,0.19393939393939394,B,0.8749879498835148,0.0006032962343244798,0.6311760044303623,0.0027240597351217716,0.7530819771569387,0.001309924883099396
0.4,0.19393939393939394,naive,0.8570303389277316,0.0009354814661468033,0.6452573156497802,0.0027723103090640517,0.7511438272887558,0.0012903460166057144
0.4,0.19797979797979798,A,0.6715725787334494,0.0021987945138251326,0.8254247367882519,0.001071397694589542,0.7484986577608507,0.0011059023165949518
0.4,0.19797979797979798,B,0.878995693940794,0.0005823358228111126,0.6278404965304794,0.0024583597507568463,0.7534180952356369,0.0011941762231579252
0.4,0.19797979797979798,naive,0.8587251742144396,0.0009056493666680386,0.6463659498161795,0.0025008512670251217,0.7525455620153096,0.0011887842389580435
0.4,0.20202020202020202,A,0.6780971397263375,0.0023571842998186504,0.8210270104883912,0.0011697646239091969,0.7495620751073642,0.0012567611150122845
0.4,0.20202020202020202,B,0.8814195838607871,0.0005195343821021665,0.620044126993629,0.002982428404615982,0.7507318554272081,0.0014668546657224208
0.4,0.20202020202020202,naive,0.8589047512245784,0.000813293134359117,0.643267596737914,0.00280250146713768,0.7510861739812461,0.001411330539901255
0.4,0.20606060606060606,A,0.6814943298926187,0.0022055579318966223,0.8179721801788656,0.0012187010474902157,0.7497332550357422,0.001178275479213346
0.4,0.20606060606060606,B,0.8834246517150816,0.0004852253475444388,0.6144803756546791,0.0027717933882113457,0.7489525136848804,0.0013741509631779386
0.4,0.20606060606060606,naive,0.8580094981186532,0.0008036305933228012,0.6428942671271003,0.0025236924446212007,0.7504518826228767,0.0012793504562337355
0.4,0.2101010101010101,A,0.6952965967590385,0.002112617389689388,0.8113295179828515,0.001248409982317583,0.7533130573709451,0.0011008305654883251
0.4,0.2101010101010101,B,0.8879834243691647,0.0005460571930789003,0.6093285392876071,0.002638648577434448,0.7486559818283858,0.0012952512793084085
0.4,0.2101010101010101,naive,0.8608193153433976,0.0009024761216065445,0.642618451887873,0.002416346639032742,0.7517188836156354,0.0012246516772010088
0.4,0.21414141414141413,A,0.7001488117806548,0.002168943239468431,0.8114750303043309,0.0012261969337246654,0.7558119210424928,0.0011052092615383452
0.4,0.21414141414141413,B,0.8893652924830755,0.0005371437912653965,0.6098969247964975,0.002668101270196067,0.7496311086397864,0.00132399336806324
0.4,0.21414141414141413,naive,0.8592014892128051,0.0009703745525980666,0.647500153959198,0.0024638873836162816,0.7533508215860016,0.001252104812028181
0.4,0.21818181818181817,A,0.7034672153828457,0.0018745210482762405,0.8071479151401172,0.0012621950949533584,0.7553075652614814,0.0010298535820713324
0.4,0.21818181818181817,B,0.8908367219297528,0.0005174085660442085,0.6028700189881897,0.002806205722111457,0.7468533704589714,0.001349988684083397
0.4,0.21818181818181817,naive,0.8584607514531715,0.0008199292044677363,0.6440995201631503,0.0026588851328866805,0.7512801358081609,0.0012665376536528264
0.4,0.2222222222222222,A,0.7094591934553074,0.0020676682659055033,0.8005952683975484,0.0014021126334763765,0.7550272309264279,0.0011707104009015543
0.4,0.2222222222222222,B,0.893628814664506,0.0004713120529528118,0.5916533840352364,0.0031544447190654103,0.7426410993498712,0.0015571752754664834
0.4,0.2222222222222222,naive,0.8587780628871632,0.0008482705109581481,0.6382369756854377,0.0028930081737820685,0.7485075192863004,0.00143903535402784
0.4,0.22626262626262628,A,0.7147783842659413,0.0018788774683267298,0.7999920305666097,0.0012940478414268928,0.7573852074162754,0.00109312797062139
0.4,0.22626262626262628,B,0.8948888688777137,0.0005185131316560853,0.5927108029634174,0.002835134475058109,0.7437998359205656,0.0013966630792438262
0.4,0.22626262626262628,naive,0.858511050837873,0.0008269476512206119,0.6438592039353594,0.0025551701762750326,0.7511851273866162,0.0012944391997613731
0.4,0.23030303030303031,A,0.7262494288735,0.001958437564899332,0.7928202093285893,0.0014812454437507746,0.7595348191010446,0.0010693883884439932
0.4,0.23030303030303031,B,0.8973649716527023,0.00053746524695734,0.5884154596316364,0.0029167187222030114,0.7428902156421694,0.0014178794647686308
0.4,0.23030303030303031,naive,0.8600615012815215,0.000962145375614092,0.6422004376040477,0.0026476465448731588,0.7511309694427846,0.001284083247511013
0.4,0.23434343434343435,A,0.729434817229831,0.0016589711956081108,0.7902364549219572,0.001476935500337488,0.759835636075894,0.001085973186241132
0.4,0.23434343434343435,B,0.8988724222050799,0.0004752829194433827,0.5839615605566517,0.003003697567669971,0.7414169913808658,0.0014671248183003658
0.4,0.23434343434343435,naive,0.8594397937728744,0.00086771614515201,0.6426411346544932,0.0027156193312071314,0.7510404642136838,0.0013483403378837264
0.4,0.2383838383838384,A,0.7374636328483811,0.0017971956633048788,0.783765753096481,0.0014322720617340266,0.7606146929724312,0.0010886883544176202
0.4,0.2383838383838384,B,0.9005093344253282,0.0004565794012689894,0.5801820546120332,0.0029212012905169994,0.7403456945186807,0.0014576916696953674
0.4,0.2383838383838384,naive,0.8592889116750024,0.0009129201574082399,0.6414464172816863,0.002662383726316413,0.7503676644783442,0.001328853749933739
0.4,0.24242424242424243,A,0.7445479790743177,0.0016135914001067424,0.780962874333974,0.0015363476441104715,0.7627554267041458,0.0010106748791481079
0.4,0.24242424242424243,B,0.9024384616541283,0.0004784765562034969,0.5790945066210287,0.00279969121099797,0.7407664841375785,0.001372003683918561
0.4,0.24242424242424243,naive,0.8602029334484541,0.0008878773261520426,0.6433133220910825,0.0026028812397557773,0.7517581277697684,0.0012714752774181527
0.4,0.24646464646464647,A,0.7481041319148778,0.0016293949158176998,0.7766978847082511,0.0015534613849783625,0.7624010083115645,0.0010816394901486171
0.4,0.24646464646464647,B,0.9038776544467635,0.0004667784503506501,0.5732334899838193,0.0029482201413144975,0.7385555722152914,0.0014640950616574935
0.4,0.24646464646464647,naive,0.8589878013874201,0.0009637989917840729,0.6433260033330335,0.0026076642874050056,0.7511569023602269,0.0012940943388441678
0.4,0.2505050505050505,A,0.7529254649602715,0.0014579207877161288,0.7728825349398207,0.0014532500346239386,0.7629039999500462,0.0009601054694008929
0.4,0.2505050505050505,B,0.9051589377751887,0.00044533245441485226,0.5689642776219859,0.0026666969146571305,0.7370616076985874,0.001311415675154136
0.4,0.2505050505050505,naive,0.8594800450846739,0.0008856572223801763,0.6411273113959899,0.0024438162866907715,0.750303678240332,0.0011640329294750167
0.4,0.2545454545454545,A,0.7602318154856934,0.0013228106063996597,0.7675928726045733,0.0017969570081757921,0.7639123440451333,0.000964569569257556
0.4,0.2545454545454545,B,0.9068256335823699,0.0004499948352255993,0.5679088993704139,0.002846077761289446,0.7373672664763918,0.0013850278603316502
0.4,0.2545454545454545,naive,0.8601056418826619,0.0008038986730818589,0.6427803851404806,0.002605934434633538,0.7514430135115714,0.0012367021030635589
0.4,0.2585858585858586,A,0.7640771680853226,0.001612367946264683,0.7647562971061973,0.00152898558815685,0.76441673259576,0.0010567781822193353
0.4,0.2585858585858586,B,0.9071032990756572,0.0004402947694952282,0.5663410444740954,0.002886582641209123,0.7367221717748764,0.0014466817445544945
0.4,0.2585858585858586,naive,0.8585282580199024,0.0009011749362129658,0.6441897432624512,0.0026336227275449145,0.7513590006411768,0.001335583356412193
0.4,0.26262626262626265,A,0.7713863904607499,0.001349556086148127,0.7625379959575007,0.001751610807833767,0.7669621932091252,0.0010865081067554566
0.4,0.26262626262626265,B,0.9087684826708186,0.00039310733651908274,0.5664275566138318,0.0030260711410420305,0.7375980196423252,0.0014895307040669597
0.4,0.26262626262626265,naive,0.8589374042766387,0.0008443909548960286,0.6480698370194764,0.0026535825764463293,0.7535036206480575,0.0013353287915420559
0.4,0.26666666666666666,A,0.7750155985385787,0.001277763201739662,0.7538335074304271,0.0018326067517638134,0.7644245529845028,0.0010550354026239446
0.4,0.26666666666666666,B,0.910199931617706,0.000427482142284975,0.5560401907238552,0.002886665442525422,0.7331200611707805,0.0014433347472199423
0.4,0.26666666666666666,naive,0.858857898441284,0.0009161112913208549,0.6425285642024028,0.002664012569715887,0.7506932313218434,0.001298179494522504
0.4,0.27070707070707073,A,0.7806710245635395,0.0012879791686568835,0.7480531516261603,0.001935865275173533,0.7643620880948498,0.0011403661427121957
0.4,0.27070707070707073,B,0.9112833691394533,0.00039637890991017045,0.5518120829420561,0.003315775761136973,0.7315477260407546,0.0016312250097521123
0.4,0.27070707070707073,naive,0.8603193544841622,0.0007859148468026165,0.6387307853546534,0.002835298579587537,0.7495250699194078,0.0014349511045527522
0.4,0.27474747474747474,A,0.7835211799817138,0.0011696419232081396,0.7430595043677548,0.0017858488024039007,0.7632903421747343,0.0010461384209178276
0.4,0.27474747474747474,B,0.9122014942747444,0.00040495839494346977,0.546231410058943,0.003041839480203502,0.7292164521668437,0.0014922901747682516
0.4,0.27474747474747474,naive,0.8593529531886377,0.0007709930120900906,0.6371743855566726,0.002693514178805145,0.7482636693726551,0.0013325853945263914
0.4,0.2787878787878788,A,0.790309002403577,0.0011547367246699134,0.7414933238864151,0.001797575108222473,0.765901163144996,0.0010103350692485427
0.4,0.2787878787878788,B,0.9135601044302052,0.0004193760750080677,0.5490592056708232,0.002885556998423003,0.7313096550505143,0.0014366156091755455
0.4,0.2787878787878788,naive,0.8598834466578359,0.0008312353279086837,0.642944500709799,0.002469350136472522,0.7514139736838175,0.001247260818971516
0.4,0.2828282828282828,A,0.7924001916832701,0.0012666870333257435,0.7336432584201311,0.0017703574957570348,0.7630217250517006,0.0010088464342951978
0.4,0.2828282828282828,B,0.9137720837052089,0.000408573077571024,0.5412804094273195,0.002673664143607298,0.7275262465662641,0.0013259030610104456
0.4,0.2828282828282828,naive,0.8575888685178107,0.0009035943513029231,0.63832694478419,0.002430921676830514,0.7479579066510005,0.001224602574190446
0.4,0.2868686868686869,A,0.797006805928647,0.0012462863404926405,0.7330407417025069,0.001909448631879178,0.7650237738155767,0.0010678425046693047
0.4,0.2868686868686869,B,0.9154869471713529,0.00043202563540628883,0.5407496994852798,0.0030476163189374597,0.7281183233283164,0.0015030823011170774
0.4,0.2868686868686869,naive,0.8593312586328598,0.0008917859713863887,0.6411001964887185,0.002591464949955557,0.7502157275607892,0.0012702449340253176
0.4,0.2909090909090909,A,0.8034358826594672,0.0009710810054043766,0.7277098938913101,0.0020122006444034893,0.7655728882753887,0.0010283147510094291
0.4,0.2909090909090909,B,0.9165120689708895,0.0003940317563688421,0.5410839053652645,0.003068357312904458,0.728797987168077,0.001494127341987466
0.4,0.2909090909090909,naive,0.8594866285386027,0.0008190963305981318,0.6429594933518719,0.0027018066411351152,0.7512230609452374,0.00127337167343763
0.4,0.29494949494949496,A,0.8068428699047462,0.0010539720652083106,0.7221862645255263,0.002155955487186097,0.7645145672151361,0.0011126384140421144
0.4,0.29494949494949496,B,0.9174686055476411,0.0003891702111753651,0.5343957862333102,0.003081200799576367,0.7259321958904758,0.0015053126457879769
0.4,0.29494949494949496,naive,0.8611043528713538,0.0007887305996154069,0.6387519407189717,0.002695982253349043,0.7499281467951627,0.0013109760787283434
0.4,0.298989898989899,A,0.8091971031022445,0.0009751821772188999,0.7161889050646815,0.0020892040036723856,0.762693004083463,0.0011532781357477435
0.4,0.298989898989899,B,0.9175707142929355,0.0003764235982035109,0.5297395608496109,0.003237963151094386,0.7236551375712732,0.001603136027447318
0.4,0.298989898989899,naive,0.8591917710878498,0.0007882145446255819,0.6368489003363714,0.0027013945604881778,0.7480203357121107,0.0013699474577378373
0.4,0.30303030303030304,A,0.8133616497845378,0.00104113004185636,0.719320593190605,0.0022388866039114498,0.7663411214875713,0.0011281857854876464
0.4,0.30303030303030304,B,0.9181321948167371,0.0004195166963214161,0.5382940495911239,0.0031818953576455036,0.7282131222039305,0.0015485833856239094
0.4,0.30303030303030304,naive,0.8582498041794806,0.0008740182587821526,0.646632825488191,0.002799634569637073,0.7524413148338357,0.0013604897758857034
0.4,0.30707070707070705,A,0.8158703394739305,0.0009752356816021399,0.7131446424391373,0.0021968125583966738,0.7645074909565339,0.0011521121068988139
0.4,0.30707070707070705,B,0.9189903784542096,0.0003811023332422222,0.5317108794975574,0.0031344470547203847,0.7253506289758834,0.00156479160784721
0.4,0.30707070707070705,naive,0.8579586187449221,0.0008882931712255452,0.6438387782373384,0.0028031334458039413,0.7508986984911303,0.0013613095018002327
0.4,0.3111111111111111,A,0.8206627561666687,0.001036826741663276,0.7070576733657503,0.002154403899726677,0.7638602147662096,0.0010972860913492381
0.4,0.3111111111111111,B,0.9204985642865989,0.0004246320709409157,0.5267754749337832,0.0029965149475733215,0.723637019610191,0.0014937377372030256
0.4,0.3111111111111111,naive,0.860646422837642,0.0009043269552229844,0.6390533385045688,0.002620663691838278,0.7498498806711055,0.0012762773608295547
0.4,0.3151515151515151,A,0.8229540874900938,0.000994273203850528,0.7053453544729932,0.002049564101159458,0.7641497209815435,0.0010849790312408177
0.4,0.3151515151515151,B,0.9208328330125313,0.0003645319395664009,0.526635515904544,0.0029175034323546856,0.7237341744585376,0.001434109073490849
0.4,0.3151515151515151,naive,0.8591062411497609,0.0007930345832162504,0.6424721286792573,0.002511325582745878,0.7507891849145091,0.0012346019932780539
0.4,0.3191919191919192,A,0.8276818892613101,0.0009928141609393017,0.6995420603907059,0.002418967571768141,0.763611974826008,0.0012456429095603042
0.4,0.3191919191919192,B,0.9221186188428736,0.0003708518650408045,0.5232597048592232,0.003055957951130729,0.7226891618510485,0.0015430791556595143
0.4,0.3191919191919192,naive,0.8606654540870173,0.0009129272618319974,0.6403561270007104,0.002868077486821768,0.7505107905438639,0.0014219759226113996
0.4,0.3232323232323232,A,0.8302887062885469,0.0009132105906952132,0.6956258725990417,0.00220461344579742,0.7629572894437945,0.0011575632660160752
0.4,0.3232323232323232,B,0.9218787024901451,0.0003739026475281289,0.5214277942401495,0.0031015094622728672,0.7216532483651474,0.0015363989271966886
0.4,0.3232323232323232,naive,0.8597932490378715,0.0008058734724985679,0.639466356450727,0.0025890490258982874,0.7496298027442992,0.0013074877891349967
0.4,0.32727272727272727,A,0.8324957991615772,0.0008766056284806767,0.6913937410456928,0.0025706945004923443,0.7619447701036351,0.0013097211755549966
0.4,0.32727272727272727,B,0.9225932457502298,0.00037570247585204863,0.5188116129586458,0.0034128043494352227,0.7207024293544377,0.001699846874260277
0.4,0.32727272727272727,naive,0.8589173730585887,0.0008903283382715106,0.6401681852389249,0.002953916320234288,0.7495427791487569,0.0014654659275660236
0.4,0.33131313131313134,A,0.83490776391252,0.0008644954590571991,0.689417779655902,0.0020994683389949564,0.762162771784211,0.0010760402158884537
0.4,0.33131313131313134,B,0.9226520426882581,0.0003507460785680917,0.5189161866376797,0.0028702055853067777,0.7207841146629689,0.0014221949070145447
0.4,0.33131313131313134,naive,0.8581513170205869,0.0009147732422790279,0.6423979564531431,0.002397864454226831,0.750274636736865,0.0011894099146562808
0.4,0.33535353535353535,A,0.8381130304515547,0.0008170007401510142,0.6843100210041928,0.0022323519509825666,0.7612115257278737,0.001082860880494724
0.4,0.33535353535353535,B,0.9235642348204781,0.0003690270038033842,0.5154952304305863,0.0028325625103909993,0.7195297326255321,0.0013869232191951709
0.4,0.33535353535353535,naive,0.8582438764591841,0.0008995733607037483,0.6422243794214509,0.0025439057749091962,0.7502341279403175,0.001196035431735284
0.4,0.3393939393939394,A,0.8430228519473214,0.0008399855200376254,0.6799644686774167,0.0024873139763697772,0.7614936603123691,0.001190044906857761
0.4,0.3393939393939394,B,0.924504518282896,0.00035294701265739525,0.5146288305304826,0.0031219765144003824,0.7195666744066892,0.0015334449504584783
0.4,0.3393939393939394,naive,0.8599091186734981,0.0008728184587547935,0.6413184980537906,0.0027794995851595887,0.7506138083636442,0.0013013583866628871
0.4,0.3434343434343434,A,0.8430276929786874,0.0008301294924651166,0.6814006314311483,0.002228998715724166,0.7622141622049178,0.0011482619443452162
0.4,0.3434343434343434,B,0.9251191078359362,0.00036793177973872085,0.5146836319153397,0.0027868991873560285,0.719901369875638,0.0014113111867605141
0.4,0.3434343434343434,naive,0.85842767900181,0.0008493175706022496,0.6446504166404448,0.0024592113767294,0.7515390478211273,0.001258177314825146
0.4,0.3474747474747475,A,0.8473764363057487,0.0007739600075211581,0.6735658618128935,0.0023402597064391562,0.7604711490593209,0.0011375412044190444
0.4,0.3474747474747475,B,0.9255582826266,0.00035757479842154924,0.5100126278261917,0.002863845266265787,0.7177854552263959,0.0014261869607997452
0.4,0.3474747474747475,naive,0.8592355339750051,0.000825392658376712,0.6416214272073546,0.0025083933775129283,0.7504284805911797,0.001215002225649711
0.4,0.3515151515151515,A,0.8480270468252898,0.0007634465789970971,0.6698143028612548,0.002409328280342598,0.7589206748432723,0.0012220350217710635
0.4,0.3515151515151515,B,0.925811722571058,0.00035016080895898527,0.5072109729632974,0.0029212292854801777,0.7165113477671778,0.0014824530900651015
0.4,0.3515151515151515,naive,0.8576198035727353,0.0008569331377948208,0.6407675726763498,0.002603381898500946,0.7491936881245427,0.0012958759320897332
0.4,0.35555555555555557,A,0.8517909234960699,0.0007367370390441399,0.663694849928171,0.002392727028169652,0.7577428867121203,0.0011909002697516823
0.4,0.35555555555555557,B,0.926458061493357,0.0003388857810437161,0.5030444712099669,0.0029144585921809262,0.7147512663516621,0.0014308673223161778
0.4,0.35555555555555557,naive,0.8592650282354048,0.0008549274219753221,0.63846736214481,0.0025454143605835194,0.7488661951901073,0.0012539984969213197
0.4,0.3595959595959596,A,0.852714981735305,0.0007767899631151691,0.6647240483012747,0.0025284466654160206,0.7587195150182899,0.0012172334950176344
0.4,0.3595959595959596,B,0.9264298214907969,0.00036978308227947056,0.5054084343765926,0.003022815212836239,0.7159191279336947,0.0014959483157646369
0.4,0.3595959595959596,naive,0.8577260110414652,0.0009100564992870493,0.6426450358135597,0.0027082889097119235,0.7501855234275123,0.001282266492206027
0.4,0.36363636363636365,A,0.8564507176071348,0.0007383719301182062,0.6613286683612262,0.0024881371829874404,0.7588896929841806,0.0012264689638150116
0.4,0.36363636363636365,B,0.9274291666239486,0.00036426425808618176,0.5060829908066746,0.002912136167434994,0.7167560787153116,0.0014640279417039936
0.4,0.36363636363636365,naive,0.8591357166894429,0.0008497404573131054,0.6429044882475563,0.0026244522613541456,0.7510201024684997,0.0012866441887969722
0.4,0.36767676767676766,A,0.8581405131027102,0.0006976400468942587,0.6530171569834099,0.002543497813125505,0.75557883504306,0.001229909709809252
0.4,0.36767676767676766,B,0.9272625730605145,0.0003472087628052891,0.4970907282360703,0.002892547257068575,0.7121766506482925,0.0014437710532702363
0.4,0.36767676767676766,naive,0.8592759925729527,0.0008811428971235937,0.637247751138994,0.002643511754505413,0.7482618718559735,0.0012856548390618372
0.4,0.3717171717171717,A,0.8603054132302904,0.0007238239398868625,0.6571221687050067,0.0025897303239260715,0.7587137909676486,0.0012667923124096536
0.4,0.3717171717171717,B,0.9280982782787734,0.00036345874565472296,0.5046129541337975,0.0030619757167715707,0.7163556162062854,0.0015178071840032566
0.4,0.3717171717171717,naive,0.8591655382499827,0.0009266633199545921,0.6447577962799375,0.002626135642448502,0.75196166726496,0.0012845546161326658
0.4,0.37575757575757573,A,0.8625237768761199,0.0007044984816510867,0.6506114932728181,0.0024762750512401536,0.756567635074469,0.0012488878422267486
0.4,0.37575757575757573,B,0.9288482049357691,0.0003685954054468234,0.4992897703637965,0.003010185193622745,0.7140689876497828,0.0015038921792660327
0.4,0.37575757575757573,naive,0.8593715040179145,0.0009173077904614581,0.6407739555347356,0.0024843766781885565,0.7500727297763251,0.0012563669152996354
0.4,0.3797979797979798,A,0.864836381161081,0.0006533204723570254,0.6480950248889917,0.0024497696314307233,0.7564657030250365,0.0012254274796579113
0.4,0.3797979797979798,B,0.9293005403972258,0.0003595976030465619,0.49830838410205025,0.0028562635820876415,0.713804462249638,0.0014221380818725481
0.4,0.3797979797979798,naive,0.8592204977710517,0.0008490427963645453,0.64243456738102,0.0025195290882792654,0.7508275325760357,0.0012684582127705825
0.4,0.3838383838383838,A,0.8673313045041564,0.0005880055709362275,0.6434987235662128,0.002536221328044151,0.7554150140351849,0.0012432428184410203
0.4,0.3838383838383838,B,0.9296030110248006,0.0003069836099831619,0.49628985735715714,0.0028914688604873627,0.7129464341909789,0.0014325232083185898
0.4,0.3838383838383838,naive,0.8593960358689071,0.0008280202526010701,0.6413106857144116,0.002547119368848781,0.7503533607916595,0.0012559056355457173
0.4,0.3878787878787879,A,0.8687767596103458,0.0006366304800872045,0.6420247669591277,0.0027046167130357008,0.7554007632847367,0.001341407208495492
0.4,0.3878787878787879,B,0.9297240472623776,0.0003497972877230846,0.49613423078907687,0.0030563436006664207,0.7129291390257273,0.0015295440340736908
0.4,0.3878787878787879,naive,0.8592827429223568,0.0008563684429894073,0.6421882258107299,0.0027379256453633045,0.7507354843665434,0.0013676722658771475
0.4,0.39191919191919194,A,0.8710136617730723,0.0005974231662214312,0.6383093915493094,0.0025687097005972896,0.7546615266611909,0.0012478826627124898
0.4,0.39191919191919194,B,0.9304593924468085,0.00034766595578272606,0.4933978723405602,0.002997478119644518,0.7119286323936842,0.0014797899581542155
0.4,0.39191919191919194,naive,0.8602694136215522,0.0008032765092321427,0.6407694922129642,0.0025195904873018915,0.7505194529172582,0.0012389840915559653
0.4,0.39595959595959596,A,0.8719714001677292,0.000665901661439984,0.6355731403951012,0.0025588068656129457,0.7537722702814151,0.001279116163070306
0.4,0.39595959595959596,B,0.9308011927065226,0.00033481446720036207,0.4915617562206577,0.00293572635812602,0.7111814744635901,0.0014876652258356958
0.4,0.39595959595959596,naive,0.8587321172113167,0.0009350717593250987,0.6421133368515174,0.0026179160228597537,0.7504227270314172,0.00128967342649216
0.4,0.4,A,0.8743728272285813,0.00057165063690187,0.6315642130895303,0.002538454145852807,0.7529685201590559,0.00127113953251864
0.4,0.4,B,0.9308589268886606,0.0003262612936965455,0.49023356652360855,0.002954119137067546,0.7105462467061346,0.0014856850836546987
0.4,0.4,naive,0.8599382903533614,0.0008430252441801632,0.6411308479693244,0.0024568692026010184,0.750534569161343,0.0012527579102747577
0.5,0.0,A,0.4315489793894058,0.002665616667164687,0.8653135085646971,0.0008539230004166818,0.6484312439770514,0.0014317084995384914
0.5,0.0,B,0.4315489793894058,0.0026656166671646876,0.8653135085646971,0.0008539230004166817,0.6484312439770515,0.001431708499538492
0.5,0.0,naive,0.8704950540595168,0.0007926012711268978,0.7139804353765566,0.0020172396820463726,0.7922377447180367,0.0010586471936453975
0.5,0.00404040404040404,A,0.4364930309546009,0.0024017546842313047,0.8674733354674321,0.0008637697069264118,0.6519831832110166,0.00134723187057595
0.5,0.00404040404040404,B,0.4490342206348415,0.002363189495281054,0.8697892436480288,0.000842017344673157,0.659411732141435,0.0013198820497927026
0.5,0.00404040404040404,naive,0.8705911294918348,0.0007362446251407667,0.714375886560702,0.0019844230598009696,0.7924835080262683,0.001024393853758282
0.5,0.00808080808080808,A,0.4413103876359125,0.0022453786137088677,0.8683246826485904,0.0008422003076560408,0.6548175351422515,0.0012404053489745977
0.5,0.00808080808080808,B,0.4661221612336732,0.0021867295193942287,0.8723496269733053,0.0008094695131369752,0.6692358941034894,0.0011970377361777084
0.5,0.00808080808080808,naive,0.8695513450523865,0.0007306210660836829,0.7144293832364483,0.0018030791738033007,0.7919903641444175,0.0009635381245236676
0.5,0.012121212121212121,A,0.44903741605386144,0.0024419481529065,0.868158683898003,0.0008537770036505686,0.6585980499759322,0.0013323346772207924
0.5,0.012121212121212121,B,0.4854739797537342,0.002310481396176459,0.8736024535900058,0.0007943267905260608,0.67953821667187,0.0012404674460993134
0.5,0.012121212121212121,naive,0.8698523375419268,0.0007311347612794171,0.7176668608059329,0.0018609417499466081,0.7937595991739298,0.0009762772590239993
0.5,0.01616161616161616,A,0.4555075520154919,0.0025300020479614355,0.8700278767074654,0.0008425005336877558,0.6627677143614786,0.0013610684455022872
0.5,0.01616161616161616,B,0.5038000289819486,0.002357783823476449,0.8762655413309158,0.0007826416775373172,0.6900327851564322,0.0012550802211737714
0.5,0.01616161616161616,naive,0.8714418407149431,0.0007474933683353071,0.7154543559283713,0.0019323002809562618,0.7934480983216574,0.0010376763228976877
0.5,0.0202020202020202,A,0.46170504274505275,0.0025661135317784542,0.8711743461317836,0.0008740095004696108,0.6664396944384182,0.0014430410268219316
0.5,0.0202020202020202,B,0.5212490972167784,0.002315193239604648,0.8776975479864798,0.000805231295074499,0.6994733226016291,0.0012750681458311612
0.5,0.0202020202020202,naive,0.8716065209752314,0.000732795033334311,0.7161032191319603,0.001954948668063689,0.7938548700535958,0.0010127301567341106
0.5,0.024242424242424242,A,0.46262409788612646,0.0027165457871565967,0.8730606921135056,0.0008023908907627126,0.6678423949998161,0.0014621470446940182
0.5,0.024242424242424242,B,0.5327369450359698,0.002430894244103006,0.8795053330886365,0.0007302281012787821,0.7061211390623032,0.001285569560954787
0.5,0.024242424242424242,naive,0.8699466683158574,0.0008073679351509755,0.7167696633662018,0.0019482793669586625,0.7933581658410296,0.0010374239179047964
0.5,0.028282828282828285,A,0.4733678867203015,0.0025707640406311028,0.873863706952639,0.0007712171973058466,0.6736157968364702,0.0013506526079094896
0.5,0.028282828282828285,B,0.5528684304851352,0.002266380313770597,0.8795165690287994,0.0007132232608749122,0.7161924997569672,0.0011757540211483723
0.5,0.028282828282828285,naive,0.8695681332903021,0.0007608503208150454,0.7193452291373745,0.0019163722291291392,0.7944566812138383,0.0010371502695027286
0.5,0.03232323232323232,A,0.479287930026976,0.0023195380644370923,0.8729656067915321,0.0007953988369324376,0.6761267684092541,0.0012795761003800623
0.5,0.03232323232323232,B,0.5693471734820925,0.001963303829411991,0.8775676418422402,0.0007195463612339634,0.7234574076621664,0.001064504619160511
0.5,0.03232323232323232,naive,0.8707642940080169,0.0006638419659737825,0.7169362822118296,0.001946622944308619,0.7938502881099232,0.000976977945977856
0.5,0.03636363636363636,A,0.4826777149769619,0.002638775425300137,0.8743036033947428,0.0007402529659112314,0.6784906591858523,0.0014359884291402201
0.5,0.03636363636363636,B,0.5822453957171791,0.0021747603551603525,0.8773629653120949,0.000689617842721114,0.729804180514637,0.001176746612289367
0.5,0.03636363636363636,naive,0.8700334589003742,0.0007909648382092405,0.7140195978906345,0.0020239608618826256,0.7920265283955044,0.0010482289464032576
0.5,0.0404040404040404,A,0.4867184498542527,0.0027120408176665705,0.8746319319789524,0.0007818750664642305,0.6806751909166026,0.0014812821101391287
0.5,0.0404040404040404,B,0.5953397150987136,0.0021684803215335628,0.8761551583923548,0.0007355451748800903,0.7357474367455342,0.001174357678044924
0.5,0.0404040404040404,naive,0.8699634006832178,0.0007566100690951971,0.7163165143397685,0.001984784342115878,0.7931399575114932,0.0010633834790626992
0.5,0.044444444444444446,A,0.4899120221532,0.0027016377899281505,0.87477233799961,0.0007559679809977181,0.6823421800764049,0.0014864128950308115
0.5,0.044444444444444446,B,0.6087450416897425,0.0021212600274100302,0.8733561412165082,0.0007827709518356577,0.7410505914531256,0.0011877847324757015
0.5,0.044444444444444446,naive,0.8706687004064498,0.0007649534361194231,0.7098264016490822,0.0021199099329593726,0.790247551027766,0.001151737430931502
0.5,0.048484848484848485,A,0.4980213857488571,0.0027905578910303683,0.8767265753844472,0.0008059304369165447,0.6873739805666521,0.0014860942963507676
0.5,0.048484848484848485,B,0.6239728356493334,0.0020806029292345903,0.873175938140466,0.0008185826801763001,0.7485743868948996,0.0011321079152487202
0.5,0.048484848484848485,naive,0.8706072110571966,0.0007821159574745562,0.7142282798535083,0.002126442450453113,0.7924177454553525,0.0011100160328028985
0.5,0.052525252525252523,A,0.5059124058781725,0.0026290151183081746,0.8755283567020264,0.000768672650934009,0.6907203812900995,0.001428031244761322
0.5,0.052525252525252523,B,0.6392898740659235,0.0019715772499086276,0.8692330423518088,0.0007729352162139764,0.754261458208866,0.001079782357162273
0.5,0.052525252525252523,naive,0.8698522145052404,0.000779144164140205,0.715455298481115,0.0018450289811220103,0.7926537564931776,0.0009977830474477945
0.5,0.05656565656565657,A,0.5195888520068617,0.002488501345338144,0.8770682661736875,0.0007698350187242065,0.6983285590902746,0.0013175052701254386
0.5,0.05656565656565657,B,0.6576749136291421,0.0017569934942606993,0.8677760474195902,0.0007796058620026508,0.7627254805243662,0.000968292372597278
0.5,0.05656565656565657,naive,0.871331906827882,0.0007256805628305782,0.7194354830710742,0.0018045591720399186,0.795383694949478,0.0009824687385817312
0.5,0.06060606060606061,A,0.5189044592775482,0.0027254863363020843,0.8777197436385813,0.0007468712217648194,0.6983121014580648,0.0014159892834996874
0.5,0.06060606060606061,B,0.6653856070938895,0.0018481111173731146,0.8648368592227726,0.0008122840466792137,0.7651112331583311,0.001010257211546954
0.5,0.06060606060606061,naive,0.8698160342018588,0.0007555398425486255,0.716990152921817,0.0018578371445954422,0.7934030935618379,0.0010312331547854517
0.5,0.06464646464646465,A,0.5282252265007208,0.0026407063937194247,0.8775733844034544,0.0007631377003264102,0.7028993054520876,0.001436822209316144
0.5,0.06464646464646465,B,0.6791194910486301,0.0017724938960422623,0.8615660749589406,0.0008280863523844495,0.7703427830037853,0.00101853750494291
0.5,0.06464646464646465,naive,0.8704960227458358,0.0007600398120456,0.7188150162284737,0.0019102373243725921,0.7946555194871548,0.0010165881577383045
0.5,0.06868686868686869,A,0.5349566243398857,0.0026077069732359176,0.8789816478911016,0.0006853337499531841,0.7069691361154936,0.001391677463701339
0.5,0.06868686868686869,B,0.6926208053339039,0.0016586304563281458,0.8584628276082203,0.0007930969782146113,0.7755418164710622,0.0009464268131596907
0.5,0.06868686868686869,naive,0.8717124597819165,0.0006892146932075195,0.7175364556592118,0.0018454973156278509,0.7946244577205641,0.0009701707236973297
0.5,0.07272727272727272,A,0.5410148039559656,0.00242082059712407,0.8783416601971404,0.000700028065594628,0.709678232076553,0.0012984854285215423
0.5,0.07272727272727272,B,0.7036188344485026,0.001501668605072118,0.8525982747672305,0.0009230714608198052,0.7781085546078665,0.0009149982735275454
0.5,0.07272727272727272,naive,0.8710291660677723,0.000707059993755153,0.7156685224238184,0.0019500882312289878,0.7933488442457954,0.0010237032618487562
0.5,0.07676767676767676,A,0.5382977620144691,0.0027115795789842082,0.8773745884536595,0.0007593105204633959,0.7078361752340644,0.0014722067598354717
0.5,0.07676767676767676,B,0.7095639427049005,0.0016480789205209532,0.848741432407158,0.0009462593764819373,0.7791526875560294,0.0010229526827684992
0.5,0.07676767676767676,naive,0.8696159900663427,0.0008236199064120208,0.71384575601656,0.0018993519437758425,0.7917308730414513,0.0010620899508538536
0.5,0.0808080808080808,A,0.5455208594003282,0.002673272711090084,0.878048127862941,0.0007274572132167891,0.7117844936316345,0.0014170994691556245
0.5,0.0808080808080808,B,0.7204115462441735,0.0015052868408380563,0.8454739215015791,0.0009228825121724533,0.7829427338728763,0.0009406621747464716
0.5,0.0808080808080808,naive,0.8699747999423455,0.0007216682829813461,0.7154152062323056,0.001970524541638333,0.7926950030873257,0.0010291477117851703
0.5,0.08484848484848485,A,0.5590963123511943,0.002632386191472353,0.8772381349344911,0.0006670175439719653,0.7181672236428426,0.001397992439556293
0.5,0.08484848484848485,B,0.7354543720877218,0.001457298385559883,0.8390517677858562,0.0009337657027985238,0.7872530699367891,0.0009248175747360945
0.5,0.08484848484848485,naive,0.8715207911221237,0.0007491187882643775,0.7150918208773527,0.0019137612138137902,0.7933063059997381,0.0010432340626343236
0.5,0.08888888888888889,A,0.5676265813911541,0.00257217152526063,0.8786113943850782,0.0006511087764772467,0.7231189878881161,0.0013715479129763556
0.5,0.08888888888888889,B,0.745802428755972,0.0013790620893497534,0.8352728835427266,0.0009136014159335233,0.7905376561493493,0.0008987981102976906
0.5,0.08888888888888889,naive,0.8710778437578142,0.0007710381787885119,0.7164739233615144,0.0018515398785308172,0.7937758835596642,0.0010097634588841441
0.5,0.09292929292929293,A,0.5689646569747948,0.002294217246361233,0.8780498524627319,0.0007051383843553699,0.7235072547187634,0.0012395326177430494
0.5,0.09292929292929293,B,0.7523911632584557,0.001178066698652585,0.8300821510959406,0.0011728600003506663,0.7912366571771982,0.0008659095553909925
0.5,0.09292929292929293,naive,0.8700003725613742,0.0007539847366479921,0.715241168417787,0.0021308095287030392,0.7926207704895805,0.001060961889697534
0.5,0.09696969696969697,A,0.576529532440183,0.002674314882771618,0.87913348144618,0.0007138271119070899,0.7278315069431815,0.001366512319361468
0.5,0.09696969696969697,B,0.7610722530002326,0.0013186483219175277,0.8270220582115857,0.0010983324115544336,0.7940471556059091,0.0008707795593423224
0.5,0.09696969696969697,naive,0.8692107521489034,0.0008019288748758976,0.7178457908353819,0.0019470752100018529,0.7935282714921427,0.0010011945017363252
0.5,0.10101010101010101,A,0.5845635742515651,0.002566829528606736,0.8766286484995576,0.0007622453022525707,0.7305961113755615,0.0013569488866841037
0.5,0.10101010101010101,B,0.7709491862054071,0.00121470316750592,0.8204084306851661,0.001147624303986455,0.7956788084452867,0.0008927738675466094
0.5,0.10101010101010101,naive,0.8706457809737325,0.0007875465139375692,0.7173216122245472,0.0020014369749798773,0.7939836965991398,0.0010512793092564178
0.5,0.10505050505050505,A,0.5886029064795366,0.002670723700485091,0.8772153234576021,0.0006829610608017477,0.7329091149685694,0.0013667095377215195
0.5,0.10505050505050505,B,0.7780443388386695,0.0012202230322242112,0.8146738980555671,0.0011640686326272506,0.7963591184471183,0.0008994953505911203
0.5,0.10505050505050505,naive,0.8700447766060418,0.00072643623248328,0.7151665064187945,0.0019227959747833375,0.7926056415124182,0.0010466328411641304
0.5,0.10909090909090909,A,0.6017211695376333,0.002524195471030961,0.8761994722400552,0.0006635398098340425,0.7389603208888442,0.0013033009567733516
0.5,0.10909090909090909,B,0.7885579039889475,0.0010865058309590227,0.8104146623737342,0.0011253045260695455,0.799486283181341,0.0008325383563745709
0.5,0.10909090909090909,naive,0.8709506902994736,0.0007590097503970291,0.7179160594012243,0.0018665357536757521,0.7944333748503489,0.0009875866296302042
0.5,0.11313131313131314,A,0.6006421634867875,0.0026552528270433148,0.8762544442079789,0.0007322726155597469,0.7384483038473831,0.0014168348047349664
0.5,0.11313131313131314,B,0.7921816212430063,0.0010923463834595878,0.8054735147191678,0.0012592611951806046,0.7988275679810871,0.0009333110120171494
0.5,0.11313131313131314,naive,0.8699130161690257,0.0007360216677030698,0.7159793074572146,0.0019344606718422227,0.79294616181312,0.001074803316656433
0.5,0.11717171717171718,A,0.6114687790212667,0.0022246394442921847,0.8743657114147649,0.000718342108232336,0.7429172452180157,0.0011228366897726432
0.5,0.11717171717171718,B,0.8009829388636824,0.0009922900513320897,0.7985962449383208,0.001343240406105544,0.7997895919010017,0.0007830070409149523
0.5,0.11717171717171718,naive,0.8703279908127354,0.0007850952503478993,0.715735172614925,0.0019039133004872658,0.7930315817138301,0.0009413936239204545
0.5,0.12121212121212122,A,0.6159373385063115,0.002600161463681391,0.872663027522593,0.0007778210729561636,0.7443001830144521,0.0013053579230892145
0.5,0.12121212121212122,B,0.8080961656385618,0.0010638264734372585,0.7920443584568833,0.001354157019633261,0.8000702620477225,0.0008882281028802356
0.5,0.12121212121212122,naive,0.8713662834862741,0.0007792365848055185,0.7134520096242788,0.0019048082896014843,0.7924091465552766,0.0010282340903182835
0.5,0.12525252525252525,A,0.6238662754709087,0.0023296770594568254,0.8724927276801396,0.0007517237635645301,0.7481795015755242,0.0012278231077766718
0.5,0.12525252525252525,B,0.81405042031027,0.0008970034816640159,0.7886544277665992,0.001373857483949184,0.8013524240384345,0.0008639463479847854
0.5,0.12525252525252525,naive,0.8706660999954964,0.000767901186847529,0.715883561166723,0.001917598673342812,0.7932748305811097,0.0010099065387356128
0.5,0.1292929292929293,A,0.6325929633570075,0.002244916859444284,0.8710012813350276,0.0007382215074943446,0.7517971223460175,0.0012206772492264243
0.5,0.1292929292929293,B,0.8205565971686297,0.0008861468869345233,0.7843918220238898,0.0014585792977716634,0.8024742095962597,0.000899470232586273
0.5,0.1292929292929293,naive,0.8705765668169673,0.0007325768730063898,0.7187545335177725,0.0019491997292010606,0.7946655501673697,0.001047423226934876
0.5,0.13333333333333333,A,0.6391350950566204,0.0023412509669046237,0.8709627697010844,0.000711253990500381,0.7550489323788524,0.0012036830198395077
0.5,0.13333333333333333,B,0.8256670847116883,0.0008579737363202508,0.7792862343632657,0.0014125005826697416,0.802476659537477,0.0008447580577662068
0.5,0.13333333333333333,naive,0.8699060609825628,0.0007238555865450358,0.7184838748221927,0.001851759598079847,0.7941949679023778,0.0009736238682370582
0.5,0.13737373737373737,A,0.640398692603481,0.0022472136487462348,0.8690181550923177,0.0007091741227725751,0.7547084238478994,0.0011595544367029667
0.5,0.13737373737373737,B,0.8309902521436431,0.0007685125996422591,0.7702371771487014,0.0014635227058294566,0.8006137146461723,0.0008755695210123557
0.5,0.13737373737373737,naive,0.8703279610994511,0.0007134612122614526,0.7129169247832327,0.0019380749725672012,0.7916224429413419,0.0010084871735319572
0.5,0.1414141414141414,A,0.6478790604166202,0.0021926419502115895,0.8698199354394583,0.0007549515862038784,0.7588494979280392,0.0011083627077298533
0.5,0.1414141414141414,B,0.8353051915999792,0.0007964465748318894,0.7709638752889417,0.001387231380731537,0.8031345334444605,0.0008592630383013484
0.5,0.1414141414141414,naive,0.8702199060528011,0.0007501929568519255,0.7191861702211222,0.0018114637316504877,0.7947030381369617,0.000990793258812273
0.5,0.14545454545454545,A,0.6518446924882523,0.0022574601108980475,0.8658370249973208,0.0007670379838575659,0.7588408587427867,0.001191184652270594
0.5,0.14545454545454545,B,0.8406490692987104,0.0008137497888222359,0.7589605881605993,0.0016119038391397954,0.799804828729655,0.0009439139227153348
0.5,0.14545454545454545,naive,0.8702647809993072,0.000788409121177771,0.7107912324844642,0.0019884355597915584,0.7905280067418857,0.0010566102839949802
0.5,0.1494949494949495,A,0.6643393525993,0.0022085175247752564,0.8674626629886459,0.0007344862626634952,0.7659010077939729,0.0011608540380349793
0.5,0.1494949494949495,B,0.8465097054031253,0.0007535344594065764,0.7609544343048475,0.001636364710964112,0.8037320698539864,0.0009267412117285743
0.5,0.1494949494949495,naive,0.8709456358210317,0.0007734929420494699,0.7198193399615006,0.0018836529627205144,0.7953824878912661,0.0010071432231919214
0.5,0.15353535353535352,A,0.6694474880334732,0.0017871563614809067,0.8635410452036766,0.0007976195839518526,0.7664942666185749,0.0009711169213888545
0.5,0.15353535353535352,B,0.8509450682316068,0.0006794077533701708,0.7518585419023296,0.0014997675146262788,0.8014018050669679,0.0007999048633535143
0.5,0.15353535353535352,naive,0.871534389262498,0.0007326840474699213,0.7142924125079065,0.001704998575335613,0.7929134008852025,0.0008857381241935262
0.5,0.15757575757575756,A,0.6738732989835495,0.0020984046023126593,0.8631867248036695,0.0008372412380509999,0.7685300118936095,0.0011126629896015938
0.5,0.15757575757575756,B,0.8532915395969344,0.0006993069499198502,0.7501305679224416,0.0018415723279214128,0.8017110537596879,0.0009834052044477913
0.5,0.15757575757575756,naive,0.8692834958721497,0.0008002158037019823,0.7186762968904858,0.002063606680684867,0.7939798963813177,0.001062896389641666
0.5,0.1616161616161616,A,0.6823322104043383,0.0020199228586049315,0.8577575973287906,0.0008849574667702996,0.7700449038665644,0.0010395092846133607
0.5,0.1616161616161616,B,0.8584843895616433,0.0006652955125932335,0.7407965298905566,0.0016345200335368293,0.7996404597261001,0.0008822047064130082
0.5,0.1616161616161616,naive,0.8708424129449825,0.000735408375338951,0.7140249122980166,0.0018303071057240415,0.7924336626214996,0.000952617078070436
0.5,0.16565656565656567,A,0.6859570840465341,0.002062944804618044,0.8597147002115528,0.0008465182208830237,0.7728358921290435,0.0011357058722749225
0.5,0.16565656565656567,B,0.8619194180086545,0.0006616725412950985,0.7394641004108802,0.0018684216415064835,0.8006917592097673,0.0010493326366845203
0.5,0.16565656565656567,naive,0.8707233700752133,0.0007296654201569794,0.7164967355263038,0.0019873998756186747,0.7936100528007586,0.0011152983349111572
0.5,0.1696969696969697,A,0.690242718311506,0.0021112260606924002,0.8566668770207403,0.0009370044319686093,0.773454797666123,0.0011473743333694874
0.5,0.1696969696969697,B,0.8652559636262683,0.0005996871817965088,0.7327317812935945,0.00205391285057829,0.7989938724599314,0.0011020147042549336
0.5,0.1696969696969697,naive,0.8703598668581033,0.0007491301701675304,0.7154062763971345,0.0021682086544861884,0.792883071627619,0.0011474787563193762
0.5,0.17373737373737375,A,0.6976064860317124,0.0019233488572342786,0.8541459130467873,0.0008367715659105844,0.7758761995392498,0.001037319394241328
0.5,0.17373737373737375,B,0.8685377015368714,0.0005869692132016111,0.7285618820857743,0.0018003083789609776,0.7985497918113229,0.0009634242925342308
0.5,0.17373737373737375,naive,0.8699785163980174,0.0007304577140301566,0.7156836107961837,0.0019237270713390086,0.7928310635971004,0.0010062487477661634
0.5,0.17777777777777778,A,0.702942470743578,0.002088028888360041,0.8519077335418896,0.0010157948453326602,0.7774251021427339,0.001143273112317681
0.5,0.17777777777777778,B,0.8713921627123689,0.0005906491183995139,0.7248723065683993,0.0020351721948949084,0.7981322346403842,0.001098113785894254
0.5,0.17777777777777778,naive,0.8700411487121176,0.0007544171830024029,0.716245390642039,0.0020384979151881898,0.7931432696770782,0.0011244980998867283
0.5,0.18181818181818182,A,0.7077399385230372,0.0019654224921720424,0.8513600701973388,0.0009897642893452513,0.779550004360188,0.0010401812551758807
0.5,0.18181818181818182,B,0.8750966889386222,0.0006045301345313019,0.7207253801243912,0.0019117213385745747,0.7979110345315067,0.0010048575858247167
0.5,0.18181818181818182,naive,0.8707099673104544,0.0008033788820065333,0.7158553804180383,0.002003716017113277,0.7932826738642464,0.0010376800072719715
0.5,0.18585858585858586,A,0.7138520833523303,0.001809270815885256,0.8466853244651482,0.0009349792417346743,0.7802687039087393,0.0009947594766992313
0.5,0.18585858585858586,B,0.8775378061034701,0.0005794290998746799,0.7141307958330274,0.001920330923708957,0.7958343009682488,0.0009963340306548747
0.5,0.18585858585858586,naive,0.8707683969621501,0.000742631479669788,0.7139250578774301,0.001934191271644773,0.7923467274197901,0.0010234534791031514
0.5,0.1898989898989899,A,0.7207444907036635,0.0017609781210965994,0.8458951569758466,0.0009387097815894164,0.7833198238397552,0.0010510407488171405
0.5,0.1898989898989899,B,0.8807163517832612,0.0005484111944342591,0.7121115159038618,0.0021475755246609394,0.7964139338435615,0.0011371961296515814
0.5,0.1898989898989899,naive,0.8712655035682482,0.0007351074435472154,0.7148197978244643,0.002102727818329883,0.7930426506963562,0.0011464718231028437
0.5,0.19393939393939394,A,0.7255476981481571,0.0017236883198656998,0.8433044505174037,0.0010033659315430916,0.7844260743327802,0.000979382933846262
0.5,0.19393939393939394,B,0.8825735179917021,0.0005580523936676891,0.7074268987915238,0.0021267795023782793,0.7950002083916128,0.0010622747116137482
0.5,0.19393939393939394,naive,0.8702630708406044,0.0007717602461787098,0.7152303520149448,0.002019153535058019,0.7927467114277746,0.0010272383019020285
0.5,0.19797979797979798,A,0.7290717573021243,0.0018050695864562005,0.8404964211518589,0.0009388066496864642,0.7847840892269915,0.000993220582222877
0.5,0.19797979797979798,B,0.8856353765931716,0.0005095575676032951,0.701180695433976,0.0018700088475799446,0.7934080360135738,0.0010048164731097128
0.5,0.19797979797979798,naive,0.8702049337248623,0.000774814067111278,0.7131505235348975,0.0018053137792154812,0.7916777286298798,0.0009898777454666575
0.5,0.20202020202020202,A,0.7355148152849992,0.0017796611309379522,0.8394472616124105,0.0009474767730069494,0.787481038448705,0.0010359875404207007
0.5,0.20202020202020202,B,0.8875069137135813,0.0005271246997530987,0.7011197354561309,0.0020836932780686707,0.7943133245848563,0.0011004912121096062
0.5,0.20202020202020202,naive,0.8706334989273665,0.0007908698078197288,0.7161371874335123,0.0020139243753637772,0.7933853431804393,0.0010958998817025213
0.5,0.20606060606060606,A,0.7404340170116049,0.0014324663805889253,0.8352397564799144,0.0010549507083727652,0.7878368867457597,0.0009127828693458553
0.5,0.20606060606060606,B,0.8896832503896188,0.0004876552906279405,0.6952486751613424,0.0020898019471938555,0.7924659627754806,0.001080931310443352
0.5,0.20606060606060606,naive,0.8698931018982548,0.0007360947917154162,0.7148433990496714,0.0019778235573149464,0.7923682504739631,0.0010356477957579257
0.5,0.2101010101010101,A,0.7474844381373734,0.0016037787887429595,0.8324205209136883,0.0010884089283364744,0.7899524795255308,0.0009739710507422962
0.5,0.2101010101010101,B,0.892464782935009,0.0005145664453215897,0.6911052118587532,0.002027289999366045,0.791784997396881,0.0010583167680934798
0.5,0.2101010101010101,naive,0.8710823943361194,0.0007724653330378344,0.7140778114727658,0.0019147649499529145,0.7925801029044426,0.0010441176807063064
0.5,0.21414141414141413,A,0.7513997367242402,0.0014798175988297508,0.8308796894888013,0.0010887368616103938,0.7911397131065208,0.0009702757423317959
0.5,0.21414141414141413,B,0.893963425214961,0.0004649201410306191,0.6898027636425536,0.0021900427281633644,0.7918830944287572,0.001116312013628671
0.5,0.21414141414141413,naive,0.8702359663292526,0.0007436267493716465,0.7156785896906732,0.002015754005491969,0.7929572780099627,0.0010666643845187538
0.5,0.21818181818181817,A,0.7564020902464307,0.00158217566187667,0.8282363758938602,0.0011841413712847183,0.7923192330701454,0.0009675616414539187
0.5,0.21818181818181817,B,0.8961146838004709,0.0005221554851496025,0.6849727274251856,0.002181752626645203,0.7905437056128284,0.001123303451400089
0.5,0.21818181818181817,naive,0.8708786122249381,0.0008467762007226461,0.7146022172036585,0.0019606990881639794,0.7927404147142982,0.0010675693200704005
0.5,0.2222222222222222,A,0.7614153060840624,0.0015118447593295578,0.8262408822129924,0.0011857242835439069,0.7938280941485274,0.000944592431480498
0.5,0.2222222222222222,B,0.8979335243486986,0.00046611062267969545,0.6834048904519879,0.0022227510436422485,0.7906692074003433,0.0011315350307676312
0.5,0.2222222222222222,naive,0.8702934150632707,0.0007462016416307826,0.7169894533273549,0.0019881012145973867,0.7936414341953127,0.0010757824145455482
0.5,0.22626262626262628,A,0.7677171445264702,0.0014029730241195979,0.8210553290399674,0.0011650143249339955,0.7943862367832187,0.0009519132147681325
0.5,0.22626262626262628,B,0.8996537615040964,0.0004868051605797404,0.6777545727076806,0.0023227729955499596,0.7887041671058884,0.001186196846615412
0.5,0.22626262626262628,naive,0.871225793541987,0.0007610784721935034,0.714567570575133,0.0021440118673653596,0.7928966820585601,0.0011173486447550473
0.5,0.23030303030303031,A,0.7695728478972707,0.0012606200669774753,0.8196669084683147,0.0010296422023529954,0.7946198781827927,0.0008281767288083909
0.5,0.23030303030303031,B,0.9010334268733535,0.00045338344564738436,0.6742455242441519,0.002069214307370113,0.7876394755587528,0.0010419719455975111
0.5,0.23030303030303031,naive,0.8704185517025639,0.0007396783075752314,0.7149623424872142,0.0018231714097346721,0.792690447094889,0.0009450826784823943
0.5,0.23434343434343435,A,0.7767755053824819,0.0014639375334098675,0.8183735022054672,0.0011862422702016602,0.7975745037939745,0.000923723841767311
0.5,0.23434343434343435,B,0.9033355712309111,0.00046162685328159233,0.6745480110475944,0.0021899214944267717,0.7889417911392528,0.0011292600542343785
0.5,0.23434343434343435,naive,0.8714176126142484,0.0007656132083387147,0.7175892898126712,0.0018787860025095229,0.7945034512134598,0.0010224419988105267
0.5,0.2383838383838384,A,0.7775471106079342,0.001415673660005122,0.8136525253050866,0.0011078221871868169,0.7955998179565106,0.000901521418172211
0.5,0.2383838383838384,B,0.904046555301074,0.00044636085408175094,0.6663815791654594,0.002095808849784791,0.7852140672332668,0.0010792540552646607
0.5,0.2383838383838384,naive,0.8695234137879908,0.0008105482177396835,0.7140672508517943,0.0018273379807430448,0.7917953323198925,0.001000194327376236
0.5,0.24242424242424243,A,0.783989273071567,0.0013519780957800334,0.8121235230028363,0.0011711172342345705,0.7980563980372014,0.0008780021334691003
0.5,0.24242424242424243,B,0.9058846394837399,0.0004460555081404492,0.6671837754866443,0.002195891091292772,0.7865342074851921,0.0011113008096047291
0.5,0.24242424242424243,naive,0.8714927619573071,0.0007488080583672327,0.7152281615089996,0.001966176228465157,0.7933604617331533,0.0010238446046379004
0.5,0.24646464646464647,A,0.7861343914907732,0.0012491033624763743,0.8080988917014205,0.0012701824588089298,0.7971166415960969,0.000895298076013777
0.5,0.24646464646464647,B,0.9064478643123044,0.00040548444099444654,0.6620469463824838,0.0022935145016560955,0.7842474053473941,0.0011529845112396566
0.5,0.24646464646464647,naive,0.8697679585206538,0.0007141837853382433,0.7148992197985748,0.002043515356062242,0.7923335891596143,0.0010639660874386923
0.5,0.2505050505050505,A,0.7910130549990056,0.0011634111184727243,0.8053454188903243,0.0012711469022570708,0.7981792369446649,0.0008711007134256833
0.5,0.2505050505050505,B,0.9089018194796664,0.00038145285334273513,0.6590350020480199,0.0021359556288965474,0.783968410763843,0.0010889460643173593
0.5,0.2505050505050505,naive,0.870730462569731,0.0007062153751906253,0.7146712799112556,0.0019444339211197815,0.7927008712404933,0.0010163040529369432
0.5,0.2545454545454545,A,0.7957308785665256,0.001208768453896177,0.800120100137745,0.0013191424046992452,0.7979254893521351,0.0008716961580874057
0.5,0.2545454545454545,B,0.9098104228252518,0.0004633419527390463,0.6535418908593624,0.002233249005074492,0.781676156842307,0.0011170254048461078
0.5,0.2545454545454545,naive,0.8708280492078498,0.0008304822358817237,0.7114463182529582,0.0019898408878940357,0.791137183730404,0.0010293853877736076
0.5,0.2585858585858586,A,0.7975831765453575,0.0011418435602970221,0.7984220189555312,0.0012525488326449899,0.7980025977504442,0.000898072025915655
0.5,0.2585858585858586,B,0.9102104872700856,0.0004020495728093218,0.6528159931043163,0.0022268181617897246,0.7815132401872009,0.0011375597281260109
0.5,0.2585858585858586,naive,0.8690347570147834,0.000783267061742719,0.71377268266084,0.0018889565741382985,0.7914037198378117,0.001037400823215329
0.5,0.26262626262626265,A,0.8039343990750709,0.0011156672130012944,0.7960067145557878,0.001331173815078602,0.7999705568154293,0.0009248304013696217
0.5,0.26262626262626265,B,0.9122048754750983,0.0004011529215603472,0.6517590184089562,0.002458653974560851,0.7819819469420274,0.0012356161737832761
0.5,0.26262626262626265,naive,0.8713292694372767,0.0007532073055956285,0.7140565339568445,0.0021253783021596196,0.7926929016970605,0.001103010305437382
0.5,0.26666666666666666,A,0.8064268059754557,0.001068531256755123,0.7935201200037254,0.0013669598203860623,0.7999734629895906,0.0009039314657758318
0.5,0.26666666666666666,B,0.9130652357151154,0.00037078014120717526,0.6495016364978009,0.0023936681383125765,0.7812834361064581,0.001203374246442677
0.5,0.26666666666666666,naive,0.8706625179389187,0.0007433042108694307,0.7144681709592743,0.0020712506625393512,0.7925653444490967,0.0010734492294279974
0.5,0.27070707070707073,A,0.8099440147499826,0.0009581918864361624,0.7943797367656361,0.0013006467439944157,0.8021618757578092,0.0007955198010931728
0.5,0.27070707070707073,B,0.9135765789080006,0.00039959934069752785,0.6517270596604297,0.002030538501562006,0.782651819284215,0.0010152928627706682
0.5,0.27070707070707073,naive,0.8704481613720234,0.0007108818536724012,0.7195229977307142,0.001791984693850609,0.7949855795513687,0.0009156654702142148
0.5,0.27474747474747474,A,0.8131118722374282,0.001020507839880138,0.7883303979284924,0.0013939871478821063,0.8007211350829604,0.0009162079465883688
0.5,0.27474747474747474,B,0.915304528519951,0.0003891341351784327,0.64327848146294,0.0023863564933407906,0.7792915049914455,0.0012051456208161946
0.5,0.27474747474747474,naive,0.871063512000849,0.0007314967540900234,0.713332330483531,0.0019847042624666525,0.79219792124219,0.0010558617487094171
0.5,0.2787878787878788,A,0.818130726339239,0.001001065554249897,0.787215349172667,0.0014207533026930382,0.8026730377559531,0.0009448090499939746
0.5,0.2787878787878788,B,0.9163241673155997,0.00041078667699795597,0.6459585417678352,0.0023916627360499047,0.7811413545417174,0.001212340735393614
0.5,0.2787878787878788,naive,0.8715129005795592,0.0007727630649608842,0.7177803300029548,0.0019651687564305213,0.7946466152912569,0.0010730530863060424
0.5,0.2828282828282828,A,0.8185722225054051,0.001002110292683016,0.7813354610168457,0.0014854155957586112,0.7999538417611253,0.0009287676388881452
0.5,0.2828282828282828,B,0.9167525879629165,0.0003838648580230379,0.6360765635948393,0.0024140268492729108,0.776414575778878,0.0012233303160439713
0.5,0.2828282828282828,naive,0.8706139426392897,0.0007480260422665279,0.7116764710383441,0.0020013626230647413,0.791145206838817,0.0010802516978376437
0.5,0.2868686868686869,A,0.8210421119395055,0.0009586763423891271,0.7817264866756523,0.0016329859088526609,0.8013842993075789,0.000999197269648439
0.5,0.2868686868686869,B,0.9170339204582569,0.00035745574113888644,0.6386898348338326,0.002583447659586543,0.7778618776460448,0.00131002816500064
0.5,0.2868686868686869,naive,0.8697494266215543,0.0007667421068579666,0.7157858996073897,0.0021821777511760944,0.792767663114472,0.0011558258697522584
0.5,0.2909090909090909,A,0.8265898876761755,0.0009881879060465173,0.7796571852659626,0.001466286694435803,0.803123536471069,0.0009264472976016112
0.5,0.2909090909090909,B,0.9189456849716291,0.00040332411879511165,0.638085596337454,0.002448203191184784,0.7785156406545414,0.0012221193382794316
0.5,0.2909090909090909,naive,0.8712285208817333,0.0007584444466749428,0.7178902184438283,0.0020569644347833353,0.7945593696627807,0.0010645364183850612
0.5,0.29494949494949496,A,0.8295131212257977,0.0008483442116297811,0.7758291837897109,0.0014669893860650496,0.8026711525077542,0.0009173323758086937
0.5,0.29494949494949496,B,0.9196602004400916,0.0003550891751071094,0.6341002335604937,0.002365033631801767,0.7768802170002926,0.0011897752905576495
0.5,0.29494949494949496,naive,0.8715632940678476,0.0006969667109304561,0.7163860861376353,0.0019390550786792969,0.7939746901027415,0.0010368966474276202
0.5,0.298989898989899,A,0.8327735497211617,0.0009298470926819162,0.7739665618876966,0.0014372342309876877,0.8033700558044291,0.0008897260302619822
0.5,0.298989898989899,B,0.9206270454741721,0.0003785765711721921,0.6339082892176525,0.0023022379883078856,0.7772676673459122,0.0011666245398721101
0.5,0.298989898989899,naive,0.87160952864417,0.000730975024857819,0.7179409233684996,0.0019046526113267654,0.7947752260063348,0.0010162222381841267
0.5,0.30303030303030304,A,0.8353526796384461,0.0009322171977298013,0.7693189530270836,0.0016408378252117059,0.8023358163327649,0.0009521765098806775
0.5,0.30303030303030304,B,0.9210164074653341,0.0003953352555014387,0.6313076920588577,0.0025274965678780876,0.7761620497620959,0.0012622102152350084
0.5,0.30303030303030304,naive,0.8714320526970599,0.0008081932871120294,0.7161940049362556,0.0020350200252385597,0.7938130288166577,0.0010776910118404366
0.5,0.30707070707070705,A,0.8370273943853768,0.0008385765440697148,0.7655161160344,0.0016050114741613206,0.8012717552098882,0.0009273592845908102
0.5,0.30707070707070705,B,0.9215956547124244,0.00035848517729817464,0.6264332478054293,0.0023973658372349847,0.7740144512589268,0.0012186326452994043
0.5,0.30707070707070705,naive,0.8704345617159988,0.0007302440312739639,0.7151744465714636,0.001933397631886924,0.792804504143731,0.0010257241684804817
0.5,0.3111111111111111,A,0.8422771826792652,0.0007453150843106782,0.7648076320423843,0.001578477486919624,0.8035424073608247,0.0009113412457507424
0.5,0.3111111111111111,B,0.9230850554958061,0.0003151635613445728,0.6282894345529106,0.0024126284085286176,0.7756872450243586,0.0012034692158329528
0.5,0.3111111111111111,naive,0.872219620540333,0.0006570731689248534,0.7184423620915242,0.001901427196723667,0.7953309913159287,0.0010173931451879024
0.5,0.3151515151515151,A,0.8415407876561727,0.000930494194925999,0.7636058049104004,0.0016128918960129448,0.8025732962832867,0.0009668415715107745
0.5,0.3151515151515151,B,0.92206188434544,0.0004064643736719379,0.6274454993480865,0.00243784587336696,0.7747536918467631,0.0012409588483447919
0.5,0.3151515151515151,naive,0.8704338013990592,0.0007866585283433801,0.7177202407898381,0.001935741986456991,0.7940770210944486,0.0010668929795203755
0.5,0.3191919191919192,A,0.8437843393928608,0.0008523280895589547,0.7569600550133536,0.0013969686111182124,0.8003721972031073,0.0008355121059370689
0.5,0.3191919191919192,B,0.9230432840720026,0.00037307556319181036,0.6188054439371348,0.002093637719665496,0.7709243640045688,0.0010751028745904763
0.5,0.3191919191919192,naive,0.8698910921588139,0.0008078466919681919,0.7140139497633224,0.0016540211115226927,0.7919525209610679,0.0009250057035046337
0.5,0.3232323232323232,A,0.8472849485111316,0.0007836091318708823,0.7569348809225772,0.0014713343453775336,0.8021099147168543,0.0008506643898124771
0.5,0.3232323232323232,B,0.9242675246716491,0.0003443773941609259,0.6211598708998939,0.0021631194268824055,0.7727136977857714,0.0010773520357614797
0.5,0.3232323232323232,naive,0.8707693519935477,0.0007417589159788558,0.7172718214680424,0.0018000712990233784,0.7940205867307951,0.0009613117481579948
0.5,0.32727272727272727,A,0.8495611829948827,0.0008141104701664796,0.7543237286590819,0.0018525289617407203,0.8019424558269822,0.0010579490344028435
0.5,0.32727272727272727,B,0.9249319777028344,0.0003716216334231368,0.6187674728205553,0.0026778822439516865,0.771849725261695,0.0013568256414829192
0.5,0.32727272727272727,naive,0.871747939844962,0.0008382718914053218,0.7154516796403126,0.0021806708534808823,0.7935998097426373,0.001156644813244936
0.5,0.33131313131313134,A,0.8506920556872397,0.0007902344342921072,0.7492274334984179,0.0016628329507891078,0.7999597445928288,0.0009243472173827165
0.5,0.33131313131313134,B,0.9250399909281581,0.00035888677057420096,0.613185228955103,0.0024080504071037623,0.7691126099416308,0.0012046295532714259
0.5,0.33131313131313134,naive,0.8701670086436941,0.0007619269655018063,0.7137174519737581,0.0019116736561429488,0.791942230308726,0.0009937505541078885
0.5,0.33535353535353535,A,0.8541885780578276,0.0007144721289222034,0.7477623261319725,0.0016923974115373793,0.8009754520949,0.0009279592643851479
0.5,0.33535353535353535,B,0.9258690166257614,0.0003386262106316549,0.6148373472133182,0.002359592945475592,0.7703531819195397,0.001179565022073456
0.5,0.33535353535353535,naive,0.8714646574944578,0.0007336374416991233,0.7147901994325855,0.0019338041680575153,0.7931274284635217,0.001011775215222023
0.5,0.3393939393939394,A,0.854105745410485,0.0007140070039400051,0.7432373420265292,0.0016665823108084979,0.798671543718507,0.0009390206457408762
0.5,0.3393939393939394,B,0.9255338862135286,0.00033157368158927346,0.6085990444629416,0.002353115100020065,0.7670664653382352,0.0012038658536800465
0.5,0.3393939393939394,naive,0.8692513547537675,0.000716775357513656,0.712142918384132,0.0018670136538457252,0.7906971365689498,0.0010208585379536195
0.5,0.3434343434343434,A,0.8590713134003883,0.0007316441610483129,0.7418671106154383,0.0017941207648722657,0.8004692120079133,0.0009603569341516736
0.5,0.3434343434343434,B,0.9272024207748353,0.0003701054239934889,0.610735227617191,0.0024274556446483627,0.768968824196013,0.0012159186569347825
0.5,0.3434343434343434,naive,0.871813887242393,0.0008031091587106731,0.7144299035374807,0.0019973496132766715,0.7931218953899369,0.001023150594048567
0.5,0.3474747474747475,A,0.8598175082147341,0.0007353382398321101,0.7419264831014338,0.0017202795525306383,0.8008719956580839,0.0009611402059832191
0.5,0.3474747474747475,B,0.9273851644817361,0.0003551198988593338,0.6110710190294365,0.0023618579269355637,0.7692280917555864,0.0012026785797739925
0.5,0.3474747474747475,naive,0.8703515512565951,0.0007694325707811801,0.7174620358653979,0.0018626958683687753,0.7939067935609966,0.0010179432012952982
0.5,0.3515151515151515,A,0.8613737514025769,0.0007015996856250128,0.7375753861542796,0.0017293169170359527,0.7994745687784283,0.0009421353520555871
0.5,0.3515151515151515,B,0.9276098670212126,0.00033022482392564944,0.6080959137897866,0.0023713192595529553,0.7678528904054995,0.0011931996558800647
0.5,0.3515151515151515,naive,0.8708311019848702,0.0007773068315273792,0.7140092964038661,0.0019388475572214286,0.7924201991943681,0.001009303362400754
0.5,0.35555555555555557,A,0.8636900712419794,0.0006790612778505616,0.7352428286545344,0.0017386174722294793,0.7994664499482569,0.0009671790109290644
0.5,0.35555555555555557,B,0.9280679969902821,0.00034659604234742273,0.6050960453734562,0.0024049566875537494,0.766582021181869,0.001224785327106807
0.5,0.35555555555555557,naive,0.8711684339152427,0.0007680397867383669,0.7146822562875509,0.0019658610447481815,0.7929253451013968,0.0010332217186706572
0.5,0.3595959595959596,A,0.8662198869519271,0.0006068486181192464,0.7287315624901755,0.0017845175983198088,0.7974757247210513,0.0009687798019963592
0.5,0.3595959595959596,B,0.9287490958512652,0.0003156415443250246,0.5997805611710926,0.0024534948567420845,0.7642648285111789,0.0012358244264603047
0.5,0.3595959595959596,naive,0.8716615967718206,0.0006890073957951607,0.7102319006426133,0.001943041424400246,0.7909467487072169,0.0010294193421780979
0.5,0.36363636363636365,A,0.8671636901414789,0.0006134490315143157,0.7321006376721703,0.0016464051174395612,0.7996321639068245,0.0008930314124921232
0.5,0.36363636363636365,B,0.9292494117782779,0.00030624210496659284,0.6045214697042072,0.002184649450007971,0.7668854407412425,0.0011002330915018104
0.5,0.36363636363636365,naive,0.8704452383510883,0.0007526619975765296,0.7167602181601809,0.0017221923254780091,0.7936027282556347,0.0009566437746528169
0.5,0.36767676767676766,A,0.8685068817066752,0.0006119480490742363,0.7291506313556338,0.0018157825452603136,0.7988287565311545,0.0009283386130287448
0.5,0.36767676767676766,B,0.9293168633680157,0.000323707162012538,0.6018672868286449,0.0023699615321494303,0.7655920750983303,0.0011771748793732424
0.5,0.36767676767676766,naive,0.8696222492342136,0.0007885662783009243,0.7162333697916268,0.001866976324664302,0.7929278095129202,0.0009711230562782006
0.5,0.3717171717171717,A,0.8710332048443405,0.000590287977149783,0.7248609007122533,0.0018932083314224936,0.7979470527782968,0.001017049067249578
0.5,0.3717171717171717,B,0.9302456505748554,0.0003018579746187667,0.5981433188970694,0.002449584054420225,0.7641944847359625,0.0012521688058023828
0.5,0.3717171717171717,naive,0.8706164758577226,0.0006887204190955748,0.7141765971656783,0.0019223238880909238,0.7923965365117005,0.0010335512243171204
0.5,0.37575757575757573,A,0.872515365160115,0.0006228834223034244,0.7247954594230072,0.0018984817145715923,0.7986554122915612,0.0010217310292507888
0.5,0.37575757575757573,B,0.9302867196410657,0.0003256473952725725,0.5992527343450574,0.002458913380814499,0.7647697269930616,0.0012480179051297471
0.5,0.37575757575757573,naive,0.8705653790130929,0.0007447132548635028,0.716411309955478,0.0019894756726531776,0.7934883444842856,0.0010807036375648775
0.5,0.3797979797979798,A,0.8737165930568122,0.000617165626141906,0.7211898813707543,0.0017578737969813076,0.7974532372137833,0.0009474188765645611
0.5,0.3797979797979798,B,0.9305468720528958,0.0003389520696064618,0.5961816468818781,0.0023422062472325334,0.763364259467387,0.001187585641421145
0.5,0.3797979797979798,naive,0.8703190150007225,0.000719386145326153,0.7141785970887615,0.0018503209644925164,0.7922488060447421,0.0009985101688184952
0.5,0.3838383838383838,A,0.8746122071439091,0.0006029776393908959,0.7182776204292017,0.0019984024675710355,0.7964449137865554,0.0010653527758807608
0.5,0.3838383838383838,B,0.9301296170405948,0.0003377436182265336,0.5956636645347948,0.002591798961080435,0.7628966407876948,0.001309437866262086
0.5,0.3838383838383838,naive,0.8700292401389048,0.0007507396223381645,0.7146357103482882,0.002066174112529548,0.7923324752435965,0.001092428289239389
0.5,0.3878787878787879,A,0.8760419720856851,0.0006054997042449851,0.7173833289699926,0.0018971493645361178,0.7967126505278387,0.001013835309505234
0.5,0.3878787878787879,B,0.9307324210970086,0.000329185628147699,0.5948718654436711,0.0024390995998939727,0.7628021432703398,0.0012279890163684954
0.5,0.3878787878787879,naive,0.8702500894671144,0.0007321936100141694,0.7154186922075064,0.0019139119323237368,0.7928343908373106,0.0010313835567682234
0.5,0.39191919191919194,A,0.8795329403790068,0.0006344880431206566,0.7133621574333013,0.001894655529646165,0.7964475489061539,0.0009854716564746593
0.5,0.39191919191919194,B,0.9323979852409232,0.0003672153447728411,0.5911792249987153,0.0023652661676804194,0.7617886051198193,0.0011983257232573974
0.5,0.39191919191919194,naive,0.8716496483927227,0.000830070586787598,0.713606445740772,0.001911806216473307,0.7926280470667474,0.0010109452134625181
0.5,0.39595959595959596,A,0.8789089189806311,0.0005955505483147605,0.7089985499388749,0.002130422179377929,0.7939537344597528,0.0011269292528101507
0.5,0.39595959595959596,B,0.9313014835168295,0.00032151282452842875,0.5884048491239575,0.002621998862861138,0.7598531663203935,0.001338831775948343
0.5,0.39595959595959596,naive,0.8688271014578762,0.0007308480685042691,0.7126876753191734,0.0020801632718035687,0.7907573883885248,0.0011324618576841106
0.5,0.4,A,0.8806448346217631,0.0005720098191755837,0.7084697030695402,0.0019611581237190395,0.7945572688456517,0.0010200211120662882
0.5,0.4,B,0.9320552830603285,0.0003267383040920052,0.5880142090184959,0.0024428186831825177,0.7600347460394121,0.0012397358639633781
0.5,0.4,naive,0.8699954340048403,0.0007392551147386593,0.713694460969738,0.0019108181860525144,0.7918449474872893,0.0010204519579143584
0.75,0.0,A,0.6486435562082237,0.0017115006291166747,0.8655650500117082,0.0008101829019017177,0.7571043031099659,0.0010906927843425552
0.75,0.0,B,0.6486435562082237,0.0017115006291166747,0.8655650500117082,0.0008101829019017169,0.757104303109966,0.001090692784342555
0.75,0.0,naive,0.9117388043556268,0.00046964139514220994,0.8516121533707605,0.0008321587831391313,0.8816754788631935,0.0005060983950980573
0.75,0.00404040404040404,A,0.6549802518087893,0.0016337545116225263,0.8671559388343033,0.0007852065947308702,0.7610680953215464,0.0009980984224471072
0.75,0.00404040404040404,B,0.664145600840055,0.0015937446353655577,0.8706867987626618,0.0007584317701925201,0.7674161998013582,0.0009661371696675405
0.75,0.00404040404040404,naive,0.9117657516439124,0.0004947366144807468,0.8537436257098966,0.0008415159096245455,0.8827546886769045,0.0005196925856472958
0.75,0.00808080808080808,A,0.6622192037222808,0.0015652433418981843,0.870533726506325,0.0008015206991959835,0.7663764651143029,0.0010271198783071789
0.75,0.00808080808080808,B,0.6799222733175222,0.0014825701074186912,0.8769843983743237,0.0007407802933882474,0.7784533358459231,0.0009569327198768464
0.75,0.00808080808080808,naive,0.9123959066491537,0.0004853011943593612,0.8537904525529828,0.0008120999682079624,0.8830931796010683,0.0004774545244105801
0.75,0.012121212121212121,A,0.6663282240450036,0.001587309837708094,0.8741749527118917,0.0007975466417536604,0.7702515883784475,0.000990413142911931
0.75,0.012121212121212121,B,0.6915672678234361,0.0014682300468218715,0.8827482832822033,0.0007262634424540633,0.7871577755528196,0.0008983719380640787
0.75,0.012121212121212121,naive,0.9115499050078497,0.0004610017291176891,0.8552014948477332,0.0008695825303757881,0.8833756999277915,0.000517545259759232
0.75,0.01616161616161616,A,0.6728371947277714,0.0016392434730861806,0.8747112784433432,0.0007619255159812598,0.7737742365855573,0.0010279691362158477
0.75,0.01616161616161616,B,0.7053437830002405,0.0014878111060126324,0.8851541031136043,0.0006715999008447461,0.7952489430569224,0.0009130638477291209
0.75,0.01616161616161616,naive,0.9118471381928458,0.0004999976370816016,0.8533691053116857,0.0008106708490987739,0.8826081217522658,0.0005363211417157426
0.75,0.0202020202020202,A,0.6782468392520872,0.0017651308920651335,0.8771285951150088,0.0007968735397902698,0.777687717183548,0.0010958991311902986
0.75,0.0202020202020202,B,0.7171186971106727,0.001533043445660685,0.8887716826243292,0.0006567145712250556,0.802945189867501,0.0009184852700674261
0.75,0.0202020202020202,naive,0.9115444567582429,0.0004579732316219905,0.8538349419113506,0.0009290202610255009,0.8826896993347967,0.0005584970874785501
0.75,0.024242424242424242,A,0.6836130006926726,0.0015982542398226005,0.8782510211735988,0.0007077397170301697,0.7809320109331357,0.001016259107348859
0.75,0.024242424242424242,B,0.7283057263758586,0.0013470089937260743,0.890808123756294,0.0005939772638679614,0.8095569250660763,0.0008338500301767401
0.75,0.024242424242424242,naive,0.9118272872780512,0.0004669844492543373,0.8536373569384331,0.0009515015608331318,0.882732322108242,0.0005298349861474914
0.75,0.028282828282828285,A,0.688798916443934,0.0015547667162758112,0.8801808955891994,0.0006871859369017149,0.7844899060165668,0.0009479730351435502
0.75,0.028282828282828285,B,0.739219815625092,0.0012976015694933798,0.893138422065008,0.0005617991237723388,0.8161791188450499,0.0007585687656846855
0.75,0.028282828282828285,naive,0.9113746077844955,0.0004864726195792765,0.8526766391157764,0.0008784162605858075,0.8820256234501358,0.0005247317880897462
0.75,0.03232323232323232,A,0.6960895146467646,0.0015982154513190364,0.8827003774867015,0.000674966839988204,0.7893949460667331,0.0009803122665623157
0.75,0.03232323232323232,B,0.7510695054181982,0.0012912128447011085,0.8959432194474934,0.0005579866289697028,0.8235063624328458,0.0007726718380218502
0.75,0.03232323232323232,naive,0.9119878761189604,0.0004876698001382193,0.854594516502483,0.0008208024589367016,0.8832911963107216,0.0005210895170236448
0.75,0.03636363636363636,A,0.6978858833115896,0.0015557604180570083,0.8837963094089818,0.0006744264450199042,0.7908410963602858,0.0009502028385173707
0.75,0.03636363636363636,B,0.7578550422950445,0.0012179945203089839,0.89675847082617,0.0005538884659183239,0.8273067565606071,0.0007173559360975613
0.75,0.03636363636363636,naive,0.9110934981417722,0.00045494432301762023,0.852297187615232,0.0008060485529174282,0.8816953428785022,0.0004803353714409631
0.75,0.0404040404040404,A,0.7066510546054601,0.0015569223716127847,0.8856544621144397,0.0006630262225960442,0.7961527583599498,0.000942311786725825
0.75,0.0404040404040404,B,0.7699281954021794,0.0012130188408874909,0.8983655856790831,0.0005390657071665507,0.8341468905406313,0.0007185786737235498
0.75,0.0404040404040404,naive,0.912048827754747,0.0004813835731330326,0.8543232371343286,0.0008601428164191402,0.8831860324445379,0.0005278249545362976
0.75,0.044444444444444446,A,0.7124570120999949,0.001621703545217982,0.8864017100911978,0.0006390528315423762,0.7994293610955964,0.0009795387378420633
0.75,0.044444444444444446,B,0.7788286338866744,0.0012307289648851212,0.8983813245636978,0.0005298516975017682,0.8386049792251862,0.0007277787887329884
0.75,0.044444444444444446,naive,0.911718505442795,0.0004899976870050382,0.8541482446747147,0.0008910680901331506,0.8829333750587548,0.0005467572037845583
0.75,0.048484848484848485,A,0.7167578846438678,0.0015390652236173476,0.8877345510077197,0.000641652274634238,0.8022462178257938,0.0009138665273191971
0.75,0.048484848484848485,B,0.7866602546350063,0.0011486476892554568,0.8989137952226038,0.000544897688156346,0.8427870249288051,0.0006719167680064934
0.75,0.048484848484848485,naive,0.9115859166181884,0.0005155471136287056,0.853563115064363,0.0007695566409051999,0.8825745158412758,0.000488589931784506
0.75,0.052525252525252523,A,0.7185708460845949,0.0015200560008929948,0.8884823852597493,0.000642017208809727,0.8035266156721721,0.0008964494139115255
0.75,0.052525252525252523,B,0.7926504335105004,0.0011057543793817272,0.8992417005309895,0.000569357030619501,0.845946067020745,0.0006525974534586488
0.75,0.052525252525252523,naive,0.9117470391558138,0.0004930393578419763,0.8532414674572238,0.0008754552828248186,0.8824942533065189,0.0005328836194203872
0.75,0.05656565656565657,A,0.7247885935673579,0.001518150006217189,0.8904186756492715,0.000666572762816754,0.8076036346083147,0.0008882313076764456
0.75,0.05656565656565657,B,0.8003545478582431,0.0010915736461687997,0.8990515716434896,0.0005997488524277127,0.8497030597508664,0.0006488886048521826
0.75,0.05656565656565657,naive,0.9112565559762064,0.00052170560255994,0.851834485218216,0.0008564275494192016,0.8815455205972111,0.0005424005922309126
0.75,0.06060606060606061,A,0.7320334491688736,0.0014612525734582222,0.8912312976152319,0.00057596969714073,0.8116323733920526,0.0008542150379529706
0.75,0.06060606060606061,B,0.8092654875927754,0.0009980984458964957,0.8987178802540805,0.0005210017672417084,0.8539916839234281,0.0005840447081900165
0.75,0.06060606060606061,naive,0.9118791957794015,0.0004735320125174883,0.8526349043112973,0.0008891318269164507,0.8822570500453495,0.0005164429070146887
0.75,0.06464646464646465,A,0.7347634598779743,0.001389220187349739,0.89286318906501,0.000580780213354051,0.8138133244714922,0.0008299097957968674
0.75,0.06464646464646465,B,0.8140515662646903,0.0009477438012145943,0.899652859699572,0.000536285715748954,0.8568522129821312,0.0005829001499720225
0.75,0.06464646464646465,naive,0.9106916438087537,0.00048409504120210686,0.8554521084061614,0.0008365216775354454,0.8830718761074574,0.0005038493862686129
0.75,0.06868686868686869,A,0.7405602860929201,0.0014801279550807987,0.8936290487509367,0.0006229765516409014,0.8170946674219286,0.0008775858068915096
0.75,0.06868686868686869,B,0.8217569089177081,0.0009859203011547539,0.8984437458267104,0.0005700302672559062,0.8601003273722094,0.000612728469398526
0.75,0.06868686868686869,naive,0.9113778815056987,0.0005193597706667459,0.8534943617029945,0.0008533641065157465,0.8824361216043465,0.0005341603207139225
0.75,0.07272727272727272,A,0.7432376929628532,0.0014879991311801657,0.8940459169750704,0.0005466043369191209,0.8186418049689618,0.0008573967695003347
0.75,0.07272727272727272,B,0.8264757024943056,0.0009464466507041769,0.8973704208044287,0.0005350126354273223,0.8619230616493673,0.0005890728248056048
0.75,0.07272727272727272,naive,0.9113341366415753,0.0004952622570383549,0.85276537250329,0.0008767753825703503,0.8820497545724326,0.0005475560817784112
0.75,0.07676767676767676,A,0.7497316803870747,0.0012577639158244133,0.8951359664087376,0.0006082407300347095,0.8224338233979063,0.0007757308462575499
0.75,0.07676767676767676,B,0.8330468657881177,0.0007923909414181664,0.8963997437920979,0.0006083857679726188,0.8647233047901076,0.0005437917102514294
0.75,0.07676767676767676,naive,0.9115876530793453,0.0004622594409599053,0.8529486891665993,0.0009000780446200915,0.8822681711229723,0.0005231524053456511
0.75,0.0808080808080808,A,0.7527263700940674,0.001439221593104793,0.8957393635604598,0.0006519552476284508,0.8242328668272636,0.000865851987107133
0.75,0.0808080808080808,B,0.8377762706497403,0.0008867076569617085,0.8955053740730838,0.0006693923502329391,0.8666408223614122,0.0006135703071680546
0.75,0.0808080808080808,naive,0.9114913095538804,0.0005076798762060624,0.8527524137375216,0.0009669616192922553,0.8821218616457012,0.0005958251057999479
0.75,0.08484848484848485,A,0.7575758304269948,0.001213315405696125,0.8976314254510004,0.0005709191426468713,0.8276036279389976,0.0007215634298695737
0.75,0.08484848484848485,B,0.8428872046386584,0.000752090231825202,0.8954685562813027,0.0005884616931652363,0.8691778804599807,0.0004997476415383414
0.75,0.08484848484848485,naive,0.9111520262407486,0.00043261831236252496,0.8534455383892091,0.0008653272464433974,0.8822987823149789,0.0005020627344080748
0.75,0.08888888888888889,A,0.7605854640950682,0.0012851640044516865,0.8965832512992776,0.0005708104556123205,0.828584357697173,0.0007524344838164901
0.75,0.08888888888888889,B,0.8467189990696489,0.000760271549651309,0.89256869281616,0.0006302241476873188,0.8696438459429043,0.000524388172420229
0.75,0.08888888888888889,naive,0.9105629888253489,0.00046247789178833847,0.8515755939567856,0.0009166797347185087,0.8810692913910673,0.0005440613068082133
0.75,0.09292929292929293,A,0.7661300495078491,0.0013823041524673133,0.8978678440724799,0.0005845648798705843,0.8319989467901645,0.000811102868799029
0.75,0.09292929292929293,B,0.8525353776036346,0.0008080719082564525,0.8927530121538346,0.0006147837769450776,0.8726441948787347,0.0005456391517368695
0.75,0.09292929292929293,naive,0.9113449437148212,0.0004929983620765674,0.8539064503779236,0.0008286362873120609,0.8826256970463723,0.0005238487406140806
0.75,0.09696969696969697,A,0.7730203432030726,0.001223906810541319,0.8996525016051942,0.0005238821194386132,0.8363364224041334,0.0006923510006874486
0.75,0.09696969696969697,B,0.8582575712999773,0.0007205133023940715,0.8927809769538044,0.0005666847961512294,0.8755192741268907,0.0004725679895001698
0.75,0.09696969696969697,naive,0.9120517039293667,0.0004717995909673723,0.8556953307522065,0.0008136561737672303,0.8838735173407865,0.00048422519542697914
0.75,0.10101010101010101,A,0.7749927295327416,0.0012655635294452413,0.8981410615806665,0.0006430624656575521,0.8365668955567039,0.0007772879624302955
0.75,0.10101010101010101,B,0.8614043955562651,0.0007284462072389354,0.889065282625304,0.0006981389530634783,0.8752348390907847,0.0005517723842544639
0.75,0.10101010101010101,naive,0.9116352405152213,0.0004865329524755815,0.8528576203443177,0.0009456208619710676,0.8822464304297695,0.0005657032677684444
0.75,0.10505050505050505,A,0.781297052012893,0.0011820615607155305,0.8989851195877945,0.0005760760939363175,0.8401410858003439,0.0007164789805838183
0.75,0.10505050505050505,B,0.8662230713702703,0.0006839935342983993,0.8882914064634347,0.0006561667109024239,0.8772572389168525,0.0005031624692572115
0.75,0.10505050505050505,naive,0.91232706358131,0.0004834200083925118,0.8535494995374668,0.0008531458595366533,0.8829382815593884,0.0005120083669744978
0.75,0.10909090909090909,A,0.782741469421104,0.0012099150418325025,0.8995529052265997,0.0005045967412439632,0.841147187323852,0.0007025353248002838
0.75,0.10909090909090909,B,0.868659179112961,0.0006762608048152945,0.886638693674853,0.0005942802923954751,0.877648936393907,0.0004893139076651376
0.75,0.10909090909090909,naive,0.9113975779017255,0.0004937683485277165,0.8533803871960621,0.0008158244198831227,0.882388982548894,0.0005106744161833054
0.75,0.11313131313131314,A,0.7885652578187566,0.001150060491657395,0.9000956779590491,0.0005484848997441977,0.844330467888903,0.0006734724823568895
0.75,0.11313131313131314,B,0.8730908374984585,0.0006537087203012337,0.8861891335524542,0.0006839320582057312,0.8796399855254563,0.0004945657827656011
0.75,0.11313131313131314,naive,0.9120605580135616,0.0004987507299446254,0.855032777782996,0.0008983948391226124,0.8835466678982788,0.0005380450187726997
0.75,0.11717171717171718,A,0.7921022000711866,0.0011965452074342365,0.8997834789274479,0.0005691710441775715,0.8459428394993174,0.0007089015510362266
0.75,0.11717171717171718,B,0.8763504438174773,0.0006281003266682227,0.8834034253705184,0.0006705098437318899,0.879876934593998,0.0005057964229698903
0.75,0.11717171717171718,naive,0.911661321708219,0.0004777763707867227,0.8536639852065647,0.0008304669706282378,0.8826626534573918,0.0005176176352312002
0.75,0.12121212121212122,A,0.7955730650675755,0.0010549247458565465,0.9004736541842222,0.0005531917584207724,0.8480233596258989,0.0006335158671396968
0.75,0.12121212121212122,B,0.8793655682287796,0.0005541042900885971,0.8827573217232382,0.0006555783765828334,0.8810614449760089,0.00046012388722056785
0.75,0.12121212121212122,naive,0.9116912407251136,0.00048374639043018066,0.8545026398199258,0.0008129145387164271,0.8830969402725196,0.0005008063659205225
0.75,0.12525252525252525,A,0.7955462603399788,0.001206628630372929,0.8993356097658041,0.0005213311223816536,0.8474409350528913,0.0006831810154323539
0.75,0.12525252525252525,B,0.8808686734049104,0.0006324247603770344,0.8795785960936305,0.0006160898608666425,0.8802236347492703,0.000475709906989179
0.75,0.12525252525252525,naive,0.9110116218823054,0.0005083726331305163,0.8521143051109255,0.0007835140698435101,0.8815629634966154,0.0004938274774903675
0.75,0.1292929292929293,A,0.8006118790031042,0.0011602165034331456,0.9002425203469463,0.0005137397807983058,0.8504271996750251,0.0006700678335874385
0.75,0.1292929292929293,B,0.8838494101955113,0.0005985789151005647,0.8787207424142249,0.0006596428400266416,0.8812850763048682,0.0005105568789434925
0.75,0.1292929292929293,naive,0.9109287618083465,0.0004996222376751375,0.8531998313002249,0.0008278971387547494,0.8820642965542858,0.0005411231600842987
0.75,0.13333333333333333,A,0.8054304323554902,0.0010167909062618883,0.8987287589602542,0.0005221691460273309,0.8520795956578722,0.0005950011090756237
0.75,0.13333333333333333,B,0.887330242074841,0.0005365517442675762,0.8759089461466556,0.0006803548725786874,0.8816195941107483,0.00046246561945017693
0.75,0.13333333333333333,naive,0.9112698820663286,0.0004786609626354129,0.8522121909082506,0.0008739018836743949,0.8817410364872896,0.0005017940068438216
0.75,0.13737373737373737,A,0.8082928618583884,0.0010597818161684218,0.8996535017459437,0.0005865895694289818,0.8539731818021662,0.0006659707892328246
0.75,0.13737373737373737,B,0.8900343409829219,0.0005563487172821017,0.8751146615751096,0.0008427047972396782,0.8825745012790159,0.0005570862254945611
0.75,0.13737373737373737,naive,0.911606591157751,0.000485894073624505,0.8529565325920635,0.0010256957123620455,0.8822815618749072,0.0006100567211511157
0.75,0.1414141414141414,A,0.8131224629758382,0.0010586090465636584,0.8990664713079127,0.0005582229569680588,0.8560944671418755,0.0006210748126114158
0.75,0.1414141414141414,B,0.8933623109777531,0.0005158878568630589,0.8735431844636736,0.0007159298550223349,0.8834527477207134,0.00046107753777645017
0.75,0.1414141414141414,naive,0.9125043100910382,0.0004855078617221819,0.8537256797246058,0.0008145822145925413,0.8831149949078221,0.0004888407856581574
0.75,0.14545454545454545,A,0.8142366536408795,0.0009965283556963766,0.8991956750299183,0.0005394886703788977,0.856716164335399,0.0006062469987131949
0.75,0.14545454545454545,B,0.8947249936785425,0.000504724659714322,0.871629773380484,0.0007525361674908733,0.8831773835295132,0.0004985714525216542
0.75,0.14545454545454545,naive,0.911883498547779,0.0004608623361834915,0.852690412285672,0.0008733483555925632,0.8822869554167255,0.0005297430868555394
0.75,0.1494949494949495,A,0.8195282716530642,0.0009835099373497914,0.898897212465123,0.000582163644886371,0.8592127420590936,0.0006167458430854019
0.75,0.1494949494949495,B,0.8981194352463641,0.0004714199420181067,0.8707784943580421,0.000768495614908319,0.884448964802203,0.0004951245036884153
0.75,0.1494949494949495,naive,0.9125291251023679,0.0004776563138983219,0.8542025956506191,0.000865119947309098,0.8833658603764936,0.0005311949998835024
0.75,0.15353535353535352,A,0.821505401331666,0.000981902380830578,0.897993383218687,0.0005637706082778372,0.8597493922751765,0.0006013713167918087
0.75,0.15353535353535352,B,0.899505414893921,0.0004786479602685141,0.8681160154620716,0.0007214572285353775,0.8838107151779963,0.00045285294717563557
0.75,0.15353535353535352,naive,0.9120600932379714,0.00045187814141112967,0.8525699618358703,0.0008255273651044684,0.8823150275369209,0.00047744077446202813
0.75,0.15757575757575756,A,0.8248045648791097,0.0008556600954887738,0.8976879480074952,0.000546652983649197,0.8612462564433022,0.0005467031567623031
0.75,0.15757575757575756,B,0.9016359209277363,0.0004287399693385623,0.8661823771916479,0.0008025534756155026,0.8839091490596922,0.0004785422246792067
0.75,0.15757575757575756,naive,0.9121175072152095,0.0004366178388558524,0.8526033218925049,0.0009080361111855341,0.8823604145538572,0.0005204150232540381
0.75,0.1616161616161616,A,0.8271146943950575,0.0009914554943593957,0.8969747232621873,0.0005152752349391642,0.8620447088286224,0.0005790716758584615
0.75,0.1616161616161616,B,0.902816141763013,0.0004897772816679109,0.865084892689342,0.000695458915601884,0.8839505172261775,0.0004657701041922457
0.75,0.1616161616161616,naive,0.9112830599155418,0.0004983613365747283,0.8533498575403167,0.0008021535449052513,0.8823164587279294,0.0005062580830756058
0.75,0.16565656565656567,A,0.8311953008077007,0.0008994784676237325,0.8974429310540828,0.000591433501645716,0.8643191159308917,0.0005751745020087012
0.75,0.16565656565656567,B,0.9054644033616721,0.00044856276269987267,0.8629688599583948,0.0008962351151921314,0.8842166316600334,0.0005280515043880261
0.75,0.16565656565656567,naive,0.9120646779870577,0.00047172890816156974,0.8528336466108871,0.0009516904233401456,0.8824491622989724,0.000557443928059927
0.75,0.1696969696969697,A,0.8333332812629236,0.0009579977631414751,0.8966858457221981,0.000606125872464994,0.8650095634925609,0.0005963554752771044
0.75,0.1696969696969697,B,0.9072453750750527,0.0004443840350187392,0.8608102703504954,0.0008189922765451883,0.884027822712774,0.0004879405809532596
0.75,0.1696969696969697,naive,0.9118208467891148,0.0004761616090704011,0.8522200658875835,0.000866026122739985,0.882020456338349,0.0005056393229106044
0.75,0.17373737373737375,A,0.8354313986229591,0.0007659507186834776,0.8958650961664429,0.0005349248450742119,0.8656482473947011,0.0005160129622703
0.75,0.17373737373737375,B,0.9079346654460508,0.00038454855168265216,0.8594760973333447,0.000753015423862755,0.8837053813896978,0.0004618924397934438
0.75,0.17373737373737375,naive,0.9115449807781999,0.0004260331228344908,0.8523305782243498,0.0007962888932416919,0.8819377795012749,0.0004896735437607792
0.75,0.17777777777777778,A,0.8386580494209585,0.0008661071782038221,0.8951333231920071,0.000623306043785559,0.8668956863064828,0.0005697370383743655
0.75,0.17777777777777778,B,0.9098633381693283,0.00041957298246761795,0.8576423201982208,0.0008207781767109328,0.8837528291837745,0.0004969254947316168
0.75,0.17777777777777778,naive,0.9114322059049477,0.00048063798807162713,0.8523912566450774,0.0008510562762107828,0.8819117312750125,0.0005126584674857461
0.75,0.18181818181818182,A,0.8417351922922692,0.0008623908885372746,0.8950655928354027,0.0006276306538266315,0.8684003925638359,0.0005524861680989111
0.75,0.18181818181818182,B,0.9109053862033811,0.0004268413540500995,0.856905357755234,0.0008777774951241,0.8839053719793077,0.0005228368628781988
0.75,0.18181818181818182,naive,0.9112248519485626,0.00046336192461597414,0.8531383547814237,0.000910544629993166,0.8821816033649932,0.0005501456246699505
0.75,0.18585858585858586,A,0.843251331876267,0.0008266938285901794,0.8934318680064203,0.0005879466114074197,0.8683415999413435,0.0005357610027589233
0.75,0.18585858585858586,B,0.9129877150166813,0.00041350270282036094,0.8530146165097277,0.0008415457115547504,0.8830011657632045,0.0005107433404763686
0.75,0.18585858585858586,naive,0.9117265196764118,0.00048319820747284685,0.8510360025158373,0.0008343926885678846,0.8813812610961245,0.000529786610691189
0.75,0.1898989898989899,A,0.8454598796765639,0.000896037732062361,0.8940937836324503,0.0006053059187018706,0.8697768316545071,0.0005739296175334503
0.75,0.1898989898989899,B,0.9139033199946431,0.0004139460518186782,0.8536084222819764,0.0008665103248728707,0.8837558711383096,0.0005331355640887624
0.75,0.1898989898989899,naive,0.9114577131539289,0.00047873551843310134,0.8530975477497768,0.0009116478490723273,0.8822776304518527,0.0005565034131784453
0.75,0.19393939393939394,A,0.847643699906408,0.0008268080540892148,0.892878427744674,0.0005712084121313879,0.8702610638255409,0.0005299207218556703
0.75,0.19393939393939394,B,0.9148632776457029,0.00040859266843921733,0.8515074645698215,0.0009079879917050721,0.8831853711077622,0.0005192940683861728
0.75,0.19393939393939394,naive,0.9111336529603445,0.0004852578206161959,0.8528370173922838,0.000888169713255185,0.8819853351763142,0.0005321659005230668
0.75,0.19797979797979798,A,0.8514315401635826,0.0007908748815735081,0.8938253048257178,0.0005489029237736698,0.8726284224946502,0.0005148254863321543
0.75,0.19797979797979798,B,0.916898527653021,0.0003879925246559694,0.8516200298599526,0.0007721956217048648,0.8842592787564867,0.00047765605833624856
0.75,0.19797979797979798,naive,0.9119610497359371,0.00047507277109779845,0.854332868767203,0.000759060744991876,0.8831469592515703,0.0004911717350235001
0.75,0.20202020202020202,A,0.8530941824074264,0.0008173067078592857,0.8929323558248916,0.000575332626517913,0.8730132691161592,0.0005481677420700419
0.75,0.20202020202020202,B,0.9175685824947641,0.00039627834166991715,0.8504876079074849,0.0008769252295442213,0.8840280952011245,0.000524753579181237
0.75,0.20202020202020202,naive,0.9115149264081779,0.00047149841781023237,0.8542156733461834,0.0008594190882671006,0.8828652998771807,0.000530095629383339
0.75,0.20606060606060606,A,0.8572449818154679,0.0007491914957071626,0.891610622826896,0.0005457392540603028,0.874427802321182,0.0005018239392173018
0.75,0.20606060606060606,B,0.9195843539683085,0.00037346827999204925,0.848505476179034,0.0008535867571979036,0.8840449150736714,0.00048787563441948654
0.75,0.20606060606060606,naive,0.9122306540533817,0.00047846709407675946,0.8539564029969443,0.000825317051491385,0.883093528525163,0.0004938542444463687
0.75,0.2101010101010101,A,0.857440562420638,0.0007414689859320992,0.89053287571227,0.0005943977885023355,0.8739867190664541,0.0005209825849434005
0.75,0.2101010101010101,B,0.9199285387381383,0.0003673183776038086,0.8462405654902188,0.0008595300147278264,0.8830845521141785,0.0005073674392093048
0.75,0.2101010101010101,naive,0.911889661804241,0.0004608602000647514,0.8530763507852683,0.0008264088996766287,0.8824830062947546,0.0005100616990974679
0.75,0.21414141414141413,A,0.8602170116078134,0.0008135709047283362,0.8900208224153642,0.0005674237085699717,0.8751189170115887,0.0005118514690677277
0.75,0.21414141414141413,B,0.9214497371614015,0.00039538154661565187,0.8446721999023707,0.0008435002494161946,0.8830609685318862,0.0004972000604074447
0.75,0.21414141414141413,naive,0.9121651485572275,0.0005107758689414962,0.8532335096038629,0.0007825028843795915,0.8826993290805453,0.0005010732351837131
0.75,0.21818181818181817,A,0.8606005685144682,0.0008291910886343481,0.8883060517978035,0.0006169258129573602,0.8744533101561359,0.000525528538413882
0.75,0.21818181818181817,B,0.9216770661101055,0.0004019676470909736,0.8419308310056977,0.0008977009272483046,0.8818039485579017,0.0005235764140257657
0.75,0.21818181818181817,naive,0.9109513087254739,0.0005134731769101874,0.8518116708276883,0.0008588134052541955,0.881381489776581,0.0005414076315883835
0.75,0.2222222222222222,A,0.8643065753177029,0.0006888078524926533,0.8881329851994577,0.0006025402983443443,0.8762197802585803,0.0004746057298663072
0.75,0.2222222222222222,B,0.9232890476024805,0.00036535833900824306,0.8415202437015173,0.0008969315979827881,0.8824046456519988,0.0004991380494505026
0.75,0.2222222222222222,naive,0.9119932809309492,0.0004687483830232295,0.8528787418304513,0.0008128284118972109,0.8824360113807004,0.00048255763227744627
0.75,0.22626262626262628,A,0.8651092998950903,0.0007679396568266733,0.8873665043837563,0.0006103903534333303,0.8762379021394233,0.0005572542288604254
0.75,0.22626262626262628,B,0.923329640106771,0.00038742646918712894,0.8398336631330265,0.001004906761881506,0.8815816516198987,0.0005947141438357392
0.75,0.22626262626262628,naive,0.9110966496148025,0.0005136103713946654,0.8524375442394745,0.0008751965874004527,0.8817670969271386,0.0005694534360349988
0.75,0.23030303030303031,A,0.8675895840456974,0.0006983978960616495,0.8876523264209826,0.0006372758873128182,0.8776209552333402,0.0005129353815530411
0.75,0.23030303030303031,B,0.9247437290950745,0.0003467904789944701,0.8394347801620373,0.0009301914666280826,0.8820892546285557,0.0005270995998403449
0.75,0.23030303030303031,naive,0.9119065682608397,0.0004812033919488107,0.8534699160224803,0.0008561656164954947,0.88268824214166,0.0005220975423111664
0.75,0.23434343434343435,A,0.8687675414240822,0.0007483262427530758,0.8873575658223245,0.0006401582343292341,0.8780625536232034,0.0004941141259846693
0.75,0.23434343434343435,B,0.9252363571883896,0.0003591935518370454,0.8388319376410251,0.0009238748617582968,0.8820341474147074,0.0005196292764175656
0.75,0.23434343434343435,naive,0.9114312140179115,0.0005052603754848458,0.8538432903174739,0.0008457255457820019,0.8826372521676927,0.0005204928991496148
0.75,0.2383838383838384,A,0.8716620735207691,0.0006728468433113715,0.8863824215117806,0.000615165337469346,0.8790222475162747,0.0004864110664716916
0.75,0.2383838383838384,B,0.9262068019632451,0.0003546124413590442,0.8377909652595826,0.0009160635161749374,0.8819988836114139,0.0005100647173946362
0.75,0.2383838383838384,naive,0.9115896391910226,0.0004981975459259771,0.8542354050342282,0.000845965175592022,0.8829125221126255,0.000515089847500681
0.75,0.24242424242424243,A,0.8738581166053165,0.0006696667307945363,0.88459994985127,0.0006646598228824532,0.8792290332282933,0.0005123608466625762
0.75,0.24242424242424243,B,0.9270340998076856,0.00035157910368008733,0.8356807928792026,0.000968006380198062,0.881357446343444,0.0005489264735835135
0.75,0.24242424242424243,naive,0.9117793591715081,0.0004989517148851828,0.8537551707892441,0.0008507077938544975,0.8827672649803762,0.0005259060801782404
0.75,0.24646464646464647,A,0.8745059250901819,0.0006966724281849064,0.8841092331462153,0.000662717668344814,0.8793075791181986,0.0005105195103567047
0.75,0.24646464646464647,B,0.9278345618601647,0.00036964277882552745,0.8342746611365084,0.00098683323578479,0.8810546114983366,0.0005538018172868582
0.75,0.24646464646464647,naive,0.9118200643738938,0.0004925357540639246,0.8533055651108898,0.0008548337717639173,0.8825628147423918,0.0005264051400768902
0.75,0.2505050505050505,A,0.8760851457397406,0.000673754874391378,0.8834368607283745,0.0006711689500738547,0.8797610032340575,0.0005197633521552751
0.75,0.2505050505050505,B,0.9281743272381766,0.0003463648193984182,0.8336952754257063,0.0010505920481715027,0.8809348013319415,0.0005724803080960365
0.75,0.2505050505050505,naive,0.9114675354033759,0.0004711727818616405,0.8537193517338244,0.0009070223153427389,0.8825934435686001,0.0005358638823123055
0.75,0.2545454545454545,A,0.8784050676979931,0.0006474449097738391,0.8821962215271573,0.0006425052959326896,0.8803006446125753,0.0004936002336322391
0.75,0.2545454545454545,B,0.9294517621133085,0.00035344753011793995,0.8307668324220354,0.0009665372271672098,0.8801092972676718,0.0005578600822215411
0.75,0.2545454545454545,naive,0.912040343703812,0.0005136211463149802,0.8531542104660127,0.0008307720694377932,0.8825972770849125,0.0005268377042587909
0.75,0.2585858585858586,A,0.8814093531053098,0.0006379523584868342,0.8814764115563714,0.0006824709933342937,0.8814428823308406,0.0004932528487500834
0.75,0.2585858585858586,B,0.9304919558738237,0.00033266482694937165,0.8314221048303068,0.0009917209340016915,0.8809570303520653,0.000540850943497248
0.75,0.2585858585858586,naive,0.9131365361357617,0.0004966865240201424,0.8537800831222541,0.0008495341274088593,0.883458309629008,0.0005026820092982395
0.75,0.26262626262626265,A,0.8819808673367615,0.0006494334885920872,0.8813149951998787,0.0007057421335317064,0.88164793126832,0.0005267044415147692
0.75,0.26262626262626265,B,0.9310759760289735,0.0003486015024020757,0.8294187460029434,0.0010597801246062127,0.8802473610159585,0.0005864983591477772
0.75,0.26262626262626265,naive,0.9126806307278291,0.0004950512797480106,0.8534902313215005,0.0009035039752397164,0.8830854310246647,0.0005501756710273655
0.75,0.26666666666666666,A,0.8817982275619102,0.0006517254457838527,0.8794217798414866,0.0007205691988847924,0.8806100037016984,0.0005102326037702045
0.75,0.26666666666666666,B,0.930500650062165,0.0003410844987747751,0.8274079927777129,0.001011929800341436,0.8789543214199389,0.0005524174110461846
0.75,0.26666666666666666,naive,0.911080457077858,0.0005114744357304999,0.8527475059399481,0.0008692597861897319,0.8819139815089031,0.0005242655079925327
0.75,0.27070707070707073,A,0.8839673679586937,0.0006130950180292515,0.8793117709054477,0.0007158682850152095,0.8816395694320708,0.0005290106554306817
0.75,0.27070707070707073,B,0.9318845618392045,0.0003297967379323091,0.8270520603303362,0.0010417721712366506,0.8794683110847704,0.0005834227882164519
0.75,0.27070707070707073,naive,0.9120299139367378,0.00046964332065124194,0.8532711903497705,0.0009075479943971487,0.8826505521432542,0.0005525391259842634
0.75,0.27474747474747474,A,0.8855120294932722,0.0005880589151388154,0.878400897795501,0.00077059340462852,0.8819564636443866,0.0005231163112228779
0.75,0.27474747474747474,B,0.9323306619440905,0.0003046714729087135,0.8252758813071227,0.0011551976252150871,0.8788032716256068,0.0006103659640505519
0.75,0.27474747474747474,naive,0.9115958937803709,0.0004755247054355595,0.8535607239007493,0.0009499901263436369,0.8825783088405601,0.0005517227836404753
0.75,0.2787878787878788,A,0.8869705294412011,0.0005332241445427493,0.8772480367617027,0.0007373765679305793,0.8821092831014519,0.0004899359095425015
0.75,0.2787878787878788,B,0.9326784237951208,0.00029569911033071913,0.8247153119647173,0.0010789078878572595,0.8786968678799191,0.0005800021399848949
0.75,0.2787878787878788,naive,0.9117433231625892,0.0004491095820574784,0.8534875195210779,0.0009215158863581152,0.8826154213418336,0.0005361756542033411
0.75,0.2828282828282828,A,0.8883227284959639,0.0005606596294923661,0.8766650718449506,0.0006933827142780633,0.8824939001704573,0.0004618365695881799
0.75,0.2828282828282828,B,0.933211920123072,0.00030552188388637675,0.8233070673028677,0.0009959493531021039,0.8782594937129699,0.0005320425378245078
0.75,0.2828282828282828,naive,0.9117789845997105,0.00047668779083548965,0.8531210581777706,0.000851405586730812,0.8824500213887407,0.0004952908635916244
0.75,0.2868686868686869,A,0.8878224281023762,0.0005636128423398694,0.8736465798522276,0.0007158549030576963,0.8807345039773018,0.0004961473728077219
0.75,0.2868686868686869,B,0.9328908916657608,0.00033485379309081446,0.818995790883441,0.001034103620016055,0.8759433412746008,0.000577645481825138
0.75,0.2868686868686869,naive,0.9104746808572008,0.00047109250521930714,0.8510428023788263,0.0008435548907460929,0.8807587416180135,0.0005189458572819431
0.75,0.2909090909090909,A,0.8895486498028896,0.000576464114103856,0.8745046872976263,0.0007781795902393017,0.882026668550258,0.0005152737008211059
0.75,0.2909090909090909,B,0.9336609399211533,0.00032653512785143243,0.8207890541590472,0.0011294875319755274,0.8772249970401004,0.0006034662383737851
0.75,0.2909090909090909,naive,0.9109671468528202,0.0005196748285974973,0.8527755271309229,0.0009373927123389966,0.8818713369918715,0.0005531575377284373
0.75,0.29494949494949496,A,0.8927079107210801,0.000528686171248966,0.8741967367124065,0.0006957843006946725,0.8834523237167434,0.00047943409668362784
0.75,0.29494949494949496,B,0.9351347905483854,0.00029533445197885887,0.8208876777696471,0.0010141134056430435,0.8780112341590163,0.0005501945636109845
0.75,0.29494949494949496,naive,0.912520827542834,0.00045682937225737533,0.8535307436259673,0.00084541672972411,0.8830257855844007,0.0005127287727175783
0.75,0.298989898989899,A,0.8938231476285159,0.000490789613581358,0.8731379283019808,0.0007860244657037392,0.8834805379652484,0.0005086855224598823
0.75,0.298989898989899,B,0.9353719497063173,0.00030811843412835227,0.8194236993942215,0.001136152784234854,0.8773978245502696,0.0006045974119965481
0.75,0.298989898989899,naive,0.9124101651124239,0.00044518280533381463,0.8531684910705573,0.0008994710515203543,0.8827893280914907,0.0005395087749607655
0.75,0.30303030303030304,A,0.8945423613134676,0.0004554045175666062,0.872936053329663,0.0007108784670009598,0.8837392073215653,0.0004372323630289815
0.75,0.30303030303030304,B,0.935205783317451,0.00028376193219131025,0.8195985036636606,0.0009932508369362685,0.8774021434905558,0.000527275082374599
0.75,0.30303030303030304,naive,0.9119242805756371,0.0004232708130923736,0.8546866011669827,0.0008129333146238666,0.8833054408713099,0.00046480944716463085
0.75,0.30707070707070705,A,0.8951687038885007,0.0005634939243983408,0.8701335324129076,0.0007625398369433202,0.8826511181507041,0.0005127506370881153
0.75,0.30707070707070705,B,0.9355559796108146,0.000327095498124304,0.8146348477050995,0.0010976076981346048,0.8750954136579572,0.0006038071282132773
0.75,0.30707070707070705,naive,0.9114535320697829,0.0005083377994848783,0.8515293172438385,0.000881218982744151,0.8814914246568109,0.0005365882156756491
0.75,0.3111111111111111,A,0.8966256946867955,0.0004942516303693497,0.8687181993542689,0.000774525327531732,0.8826719470205322,0.0004942713089912579
0.75,0.3111111111111111,B,0.9360602338286808,0.00028919013878072155,0.8140040314198985,0.0010974384362969246,0.8750321326242897,0.0005877363555698773
0.75,0.3111111111111111,naive,0.9119225557426819,0.0004471104134825053,0.8512597021720032,0.0008835403811738272,0.8815911289573425,0.000524979203042282
0.75,0.3151515151515151,A,0.8981547143728784,0.0005003838844087966,0.8694402387495437,0.0007819994466944308,0.8837974765612111,0.0005085533219078234
0.75,0.3151515151515151,B,0.9366899081680077,0.00029072750525375356,0.8151363659287483,0.0011233286531404888,0.875913137048378,0.0005987096470174255
0.75,0.3151515151515151,naive,0.9123273593552826,0.0004491437923010107,0.8529383325127543,0.0008894833181898375,0.8826328459340185,0.0005251940764215079
0.75,0.3191919191919192,A,0.8974562570074097,0.0004986069795970224,0.867232480994342,0.0007665001562012779,0.8823443690008759,0.0004933983639163416
0.75,0.3191919191919192,B,0.9363468928694104,0.00029999337575002883,0.8113039887511501,0.0011197803915208083,0.8738254408102801,0.000604736265151778
0.75,0.3191919191919192,naive,0.9106647020617262,0.00046667593341638195,0.8513070418448905,0.0008669633720869403,0.8809858719533084,0.0005214575988222279
0.75,0.3232323232323232,A,0.8999136032509151,0.0005176162090113366,0.8671601469097593,0.0008082355119130034,0.8835368750803372,0.0005226367675137261
0.75,0.3232323232323232,B,0.9373291455870987,0.0003087476365198261,0.8123467946808184,0.001199454875407783,0.8748379701339585,0.000637396337108633
0.75,0.3232323232323232,naive,0.9116937462599646,0.0004660857621901771,0.8525501893978573,0.0009256997524631559,0.8821219678289108,0.0005488765064989421
0.75,0.32727272727272727,A,0.9014401389153357,0.0004953109194200887,0.8686117229639083,0.0007764697859135575,0.8850259309396219,0.0005017806327719079
0.75,0.32727272727272727,B,0.9377527042214407,0.0002944333991489972,0.8140037774446265,0.001175903310318431,0.8758782408330336,0.0006287364973495647
0.75,0.32727272727272727,naive,0.9125843892443871,0.00048089420968439446,0.8546928540257781,0.0008740711007542611,0.8836386216350826,0.000535900893747228
0.75,0.33131313131313134,A,0.9023005765118551,0.0004829494191130441,0.8660482498544849,0.000784527147417282,0.88417441318317,0.0004913814057561933
0.75,0.33131313131313134,B,0.9377914889437011,0.0003010953443042579,0.8120327134484843,0.0011097899896000657,0.8749121011960926,0.0005853237099169137
0.75,0.33131313131313134,naive,0.9119883380067151,0.00044271021082526325,0.8529613100281341,0.0009001572216395436,0.8824748240174246,0.0005207195033985659
0.75,0.33535353535353535,A,0.9034211509028316,0.000484803361277468,0.8664172305217813,0.0007469962253546679,0.8849191907123065,0.0004894689997694347
0.75,0.33535353535353535,B,0.9382774535813054,0.00029772914617946246,0.8122822441467776,0.0010171539834517055,0.8752798488640415,0.0005535086087989386
0.75,0.33535353535353535,naive,0.9125009536825356,0.00047056881542056835,0.8541737822258417,0.0008443741923326356,0.8833373679541886,0.0005127814036445279
0.75,0.3393939393939394,A,0.9037320962381216,0.00042839623600051,0.8638753505582484,0.0008460198087145069,0.883803723398185,0.0005367908793661317
0.75,0.3393939393939394,B,0.9381990654332657,0.00026249033059288617,0.8086987493366226,0.0011826256330150216,0.8734489073849442,0.0006481733996731182
0.75,0.3393939393939394,naive,0.91175802904875,0.00044253543891974336,0.8525786224866824,0.000931317147124068,0.8821683257677162,0.0005753389190071831
0.75,0.3434343434343434,A,0.9051744880184315,0.0004703361295579908,0.864231934704361,0.0008064745506591067,0.8847032113613962,0.000515825361715835
0.75,0.3434343434343434,B,0.9390773760894171,0.00028200125563178396,0.8089120810224242,0.0011517158543944987,0.8739947285559205,0.0006205144421016521
0.75,0.3434343434343434,naive,0.9124569380088065,0.0004673553682379588,0.853650536883858,0.0008722642687640584,0.8830537374463323,0.0005404711951601625
0.75,0.3474747474747475,A,0.9051510804202324,0.00045098098515854965,0.8628898186723167,0.0007795681761030828,0.8840204495462746,0.00047809209628619836
0.75,0.3474747474747475,B,0.9386509466815914,0.00028195715328643313,0.8076502722325525,0.0011242370788983518,0.8731506094570719,0.0005865016431227441
0.75,0.3474747474747475,naive,0.9113252878615871,0.00046933899272310725,0.8531230474673472,0.0008671949231562728,0.8822241676644671,0.0005193718756610671
0.75,0.3515151515151515,A,0.905930585270987,0.00044619424703498575,0.8603883000242637,0.0008766545106204686,0.8831594426476254,0.0005466654917538533
0.75,0.3515151515151515,B,0.9390799746650942,0.00029622816297319684,0.8043736944026185,0.001216585260341278,0.8717268345338564,0.0006614294633166747
0.75,0.3515151515151515,naive,0.9114475797258046,0.00044200893510219877,0.851269662034137,0.0009574893614825974,0.8813586208799709,0.000577674761567619
0.75,0.35555555555555557,A,0.9066752284390072,0.0004407774733510289,0.8614204544790636,0.0007824947140360392,0.8840478414590354,0.0005089494600596596
0.75,0.35555555555555557,B,0.9390916303535678,0.00028653138131889,0.8060172480938107,0.0011107592900619823,0.8725544392236892,0.0006088458391798898
0.75,0.35555555555555557,naive,0.9111830105846818,0.00047666830477318984,0.8531356580480363,0.0008238135784062711,0.8821593343163591,0.0005406126631624798
0.75,0.3595959595959596,A,0.9083218751119562,0.00047741460131045093,0.860947209796825,0.000858304234768021,0.8846345424543907,0.0005409454568376568
0.75,0.3595959595959596,B,0.9398349941908458,0.00029648673952039153,0.806315368733114,0.0011838436638258805,0.8730751814619798,0.0006529480627203275
0.75,0.3595959595959596,naive,0.9117627292755737,0.0004879250496679043,0.8538754261577283,0.0009017024353965952,0.882819077716651,0.0005590645923665383
0.75,0.36363636363636365,A,0.9090510678792869,0.00045531297425480463,0.8602744566057943,0.0007464827023988154,0.8846627622425406,0.00048625381365991984
0.75,0.36363636363636365,B,0.9399924320331007,0.00029077769383670883,0.8050568307194597,0.0010582296862474605,0.8725246313762802,0.0005744620980693228
0.75,0.36363636363636365,naive,0.9119892900858235,0.00048532223920651115,0.8539805673537185,0.0008029576791855577,0.8829849287197712,0.0005114456973570913
0.75,0.36767676767676766,A,0.9089216850022798,0.00045662968454159833,0.8577717493730987,0.0008638602037278112,0.8833467171876893,0.0005252459842579521
0.75,0.36767676767676766,B,0.9398637964697911,0.0002961678878373352,0.8023351454999451,0.0011895874553940016,0.8710994709848682,0.0006291352843228248
0.75,0.36767676767676766,naive,0.9108100057468548,0.0005024237759636685,0.8521459753036215,0.0009303413326446926,0.8814779905252382,0.0005486084975028299
0.75,0.3717171717171717,A,0.9108681123030994,0.0004609803558050113,0.8586389534238799,0.0007559375451029834,0.8847535328634895,0.0004738216791131979
0.75,0.3717171717171717,B,0.9406336137045221,0.00030262676866725513,0.803953736458851,0.0010786201758066884,0.8722936750816865,0.00058040403168829
0.75,0.3717171717171717,naive,0.9121806032874205,0.0005099149220908348,0.8541423315227362,0.0007689653794521055,0.8831614674050782,0.0004978408525574026
0.75,0.37575757575757573,A,0.9112582625902235,0.0004274625194942054,0.8567008162913082,0.0008518733435349607,0.8839795394407659,0.0005281517635916962
0.75,0.37575757575757573,B,0.9408336924191567,0.0002766812481248013,0.801499029701297,0.0012087119897489528,0.8711663610602269,0.0006462454809514448
0.75,0.37575757575757573,naive,0.9118777312651767,0.0004829053021630129,0.8526812418923145,0.0008859178439492324,0.8822794865787454,0.000552394357733252
0.75,0.3797979797979798,A,0.9115178161783674,0.0004485819545182388,0.857717666473277,0.000903203061611545,0.8846177413258224,0.0005393448877870507
0.75,0.3797979797979798,B,0.940635496375482,0.0002943153146214025,0.8029842337309251,0.0012605578593761387,0.8718098650532036,0.0006640004721065924
0.75,0.3797979797979798,naive,0.9114850827390285,0.0004902950783527478,0.8548685883952082,0.0009117674875660441,0.8831768355671182,0.0005523907185347693
0.75,0.3838383838383838,A,0.9125556348192554,0.0004290907755276646,0.8556561132862613,0.0008755677907240689,0.8841058740527583,0.00052782280686561
0.75,0.3838383838383838,B,0.9411655823028211,0.0002871322418878115,0.8001707084054293,0.0012356967671872548,0.8706681453541252,0.0006531765210500347
0.75,0.3838383838383838,naive,0.9117972476463561,0.0004814399275176348,0.8529493500291534,0.0008966632801262401,0.8823732988377546,0.00054288354665618
0.75,0.3878787878787879,A,0.9139017281010604,0.00042059439801926847,0.8564886226166374,0.0008656568313194384,0.8851951753588488,0.0004895939989248078
0.75,0.3878787878787879,B,0.9412723786729742,0.0002863906803394273,0.80201326818915,0.0011469333846656435,0.8716428234310623,0.000593195485520452
0.75,0.3878787878787879,naive,0.9127448090011137,0.00045875248178218304,0.8547371106789599,0.0008815048852232491,0.8837409598400368,0.0005080912820553152
0.75,0.39191919191919194,A,0.9142711982712554,0.00042297679113407165,0.8562751124789817,0.0009004861054759163,0.8852731553751184,0.0005038336978262459
0.75,0.39191919191919194,B,0.9414262659044641,0.00027353025449403773,0.8026654529425585,0.0011694794082311,0.8720458594235112,0.0006102994214433785
0.75,0.39191919191919194,naive,0.9122258476678468,0.00048320127566941297,0.8553009917823263,0.0009025423218030701,0.8837634197250865,0.0005124402089044134
0.75,0.39595959595959596,A,0.9141983293927999,0.000374299933206292,0.8540808791927751,0.0008563120949807298,0.8841396042927875,0.0004925360151901263
0.75,0.39595959595959596,B,0.9412080294158887,0.0002662559261479901,0.7984823272442246,0.0011722231899511523,0.8698451783300567,0.0006112026368393923
0.75,0.39595959595959596,naive,0.9112376197025958,0.00043931855959529616,0.8540817982881973,0.0008686349759639772,0.8826597089953965,0.000509708074411994
0.75,0.4,A,0.9160572902892296,0.0004117094823556662,0.8517649907084487,0.0008347828159514423,0.8839111404988391,0.0004849118671846463
0.75,0.4,B,0.9419333704744309,0.0002789393026303278,0.7969209643874834,0.0011531878471785363,0.8694271674309572,0.0006051713448407573
0.75,0.4,naive,0.912567676189408,0.0004717589607263493,0.8526020310125796,0.0008368668379970224,0.8825848536009938,0.0004985550517998757
1.0,0.0,A,0.8670048793079144,0.0008422699513872874,0.8670048793081984,0.0008422699496276035,0.8670048793080564,0.0008422699505074453
1.0,0.0,B,0.8670048793079144,0.0008422699513872874,0.8670048793081984,0.0008422699496276035,0.8670048793080564,0.0008422699505074451
1.0,0.0,naive,0.9593612875627247,0.00017781220321676192,0.9593612875586682,0.00017781220356741093,0.9593612875606965,0.00017781220339208641
1.0,0.00404040404040404,A,0.8702349405867434,0.0006922922044750848,0.8702349405869039,0.000692292204381354,0.8702349405868236,0.0006922922044282195
1.0,0.00404040404040404,B,0.8748316267431406,0.0006594621841429783,0.8748316267432753,0.0006594621840938564,0.8748316267432079,0.0006594621841184173
1.0,0.00404040404040404,naive,0.9588804931996083,0.0001940774737357232,0.9588804932029098,0.00019407747477765932,0.958880493201259,0.00019407747425669107
1.0,0.00808080808080808,A,0.8753573961631486,0.0007367868722698794,0.8753573961361422,0.000736786872948636,0.8753573961496454,0.000736786872609258
1.0,0.00808080808080808,B,0.8837048151939948,0.0006698817778712777,0.8837048151685982,0.0006698817785145984,0.8837048151812965,0.0006698817781929379
1.0,0.00808080808080808,naive,0.9594150651271568,0.00020850194349937839,0.9594150651242674,0.00020850194377046,0.9594150651257121,0.00020850194363491922
1.0,0.012121212121212121,A,0.878524249646255,0.0007003735158439504,0.8785242496609013,0.0007003735152035235,0.8785242496535781,0.0007003735155237367
1.0,0.012121212121212121,B,0.890107673714664,0.000612345351133186,0.8901076737279833,0.0006123453506696093,0.8901076737213236,0.0006123453509013977
1.0,0.012121212121212121,naive,0.9594233985494739,0.0001904182859401813,0.9594233985515517,0.00019041828603067398,0.9594233985505127,0.00019041828598542775
1.0,0.01616161616161616,A,0.8810993753787468,0.0007576275642687006,0.881099375390527,0.0007576275646425853,0.881099375384637,0.0007576275644556427
1.0,0.01616161616161616,B,0.895529861927252,0.0006286344951540779,0.895529861938406,0.0006286344954535617,0.895529861932829,0.0006286344953038195
1.0,0.01616161616161616,naive,0.9594966223915209,0.0001927275561783066,0.9594966223962609,0.00019272755655268435,0.959496622393891,0.0001927275563654955
1.0,0.0202020202020202,A,0.8847468487685414,0.0006726844282467038,0.8847468487660484,0.0006726844281959859,0.8847468487672951,0.000672684428221345
1.0,0.0202020202020202,B,0.9011643108652211,0.0005449562013270753,0.9011643108620323,0.0005449562014654393,0.9011643108636267,0.0005449562013962572
1.0,0.0202020202020202,naive,0.959376639369938,0.00018734226342273207,0.9593766393645973,0.00018734226425573303,0.9593766393672677,0.00018734226383923245
1.0,0.024242424242424242,A,0.887780803052135,0.000638741042555296,0.8877808030266763,0.0006387410433558174,0.8877808030394057,0.0006387410429555566
1.0,0.024242424242424242,B,0.9060897531932534,0.0005002224463707075,0.9060897531707052,0.0005002224472444208,0.9060897531819792,0.0005002224468075644
1.0,0.024242424242424242,naive,0.9593987527389598,0.00020208608280802528,0.9593987527306399,0.00020208608295527796,0.9593987527347997,0.0002020860828816514
1.0,0.028282828282828285,A,0.8904468502522676,0.000618465068928838,0.8904468502559314,0.0006184650685336125,0.8904468502540993,0.0006184650687312251
1.0,0.028282828282828285,B,0.9102656778252958,0.0004706943671575053,0.9102656778275054,0.00047069436715542197,0.9102656778264006,0.00047069436715646367
1.0,0.028282828282828285,naive,0.9590989936672766,0.00020652215446764982,0.9590989936633915,0.00020652215533882828,0.9590989936653339,0.00020652215490323902
1.0,0.03232323232323232,A,0.8935983429708426,0.0006582865389736244,0.8935983429761065,0.0006582865391761885,0.8935983429734745,0.0006582865390749061
1.0,0.03232323232323232,B,0.9145622455162706,0.0004885813062758668,0.9145622455201355,0.0004885813064426735,0.914562245518203,0.0004885813063592702
1.0,0.03232323232323232,naive,0.9592359879886584,0.00019761764842470675,0.959235987991863,0.00019761764892274584,0.9592359879902608,0.0001976176486737264
1.0,0.03636363636363636,A,0.8960086845473207,0.0005684030573783484,0.8960086845496147,0.0005684030557632708,0.8960086845484679,0.0005684030565708098
1.0,0.03636363636363636,B,0.9180603577527594,0.0004080170983683147,0.9180603577542498,0.0004080170971567053,0.9180603577535047,0.0004080170977625101
1.0,0.03636363636363636,naive,0.9593002689568525,0.00020703315905104113,0.9593002689571573,0.00020703315838298546,0.9593002689570049,0.00020703315871701335
1.0,0.0404040404040404,A,0.899305539576706,0.0005560779737924529,0.899305539549395,0.0005560779743593128,0.8993055395630505,0.0005560779740758827
1.0,0.0404040404040404,B,0.9216232462540408,0.00040130934007527423,0.9216232462305111,0.0004013093403999141,0.9216232462422761,0.00040130934023759404
1.0,0.0404040404040404,naive,0.9590854124148244,0.00019971207455665125,0.9590854124035357,0.00019971207447574786,0.95908541240918,0.0001997120745161997
1.0,0.044444444444444446,A,0.9021367536032063,0.0005248808291492253,0.9021367536099398,0.0005248808299017913,0.9021367536065731,0.0005248808295255084
1.0,0.044444444444444446,B,0.9249367453431918,0.00036225600707528674,0.9249367453511834,0.0003622560079629148,0.9249367453471875,0.0003622560075191007
1.0,0.044444444444444446,naive,0.9590277096322639,0.00019016474146825853,0.9590277096411074,0.0001901647423086934,0.9590277096366857,0.00019016474188847594
1.0,0.048484848484848485,A,0.9029495662914943,0.0005669872208284132,0.9029495662956496,0.0005669872202949034,0.902949566293572,0.0005669872205616584
1.0,0.048484848484848485,B,0.9268768745609409,0.00038960209281470873,0.9268768745637302,0.0003896020926371887,0.9268768745623356,0.00038960209272594884
1.0,0.048484848484848485,naive,0.9592063778005248,0.00020336356791381298,0.9592063778041432,0.0002033635684978327,0.9592063778023341,0.00020336356820582302
1.0,0.052525252525252523,A,0.9057686710283863,0.0005358599398700483,0.9057686710344904,0.0005358599404728044,0.9057686710314384,0.0005358599401714265
1.0,0.052525252525252523,B,0.9298272608085003,0.0003587518530096932,0.9298272608155622,0.0003587518537065575,0.9298272608120314,0.00035875185335812546
1.0,0.052525252525252523,naive,0.9591969477186707,0.00018490771806348074,0.9591969477240191,0.00018490771926248155,0.9591969477213448,0.00018490771866298093
1.0,0.05656565656565657,A,0.9089784207404356,0.0004984448403404686,0.9089784207331232,0.0004984448413450622,0.9089784207367794,0.0004984448408427655
1.0,0.05656565656565657,B,0.9327816132837401,0.00034366236453926147,0.9327816132777216,0.00034366236549664603,0.9327816132807308,0.0003436623650179537
1.0,0.05656565656565657,naive,0.9595559306236245,0.00020450706958003586,0.9595559306202389,0.0002045070700980589,0.9595559306219318,0.00020450706983904745
1.0,0.06060606060606061,A,0.9105856890770884,0.00045559282145578664,0.9105856890778778,0.0004555928210710184,0.910585689077483,0.00045559282126340255
1.0,0.06060606060606061,B,0.9345907801075307,0.00030974703286149415,0.9345907801078718,0.00030974703249236175,0.9345907801077011,0.0003097470326769278
1.0,0.06060606060606061,naive,0.9593476376895634,0.00020512313878707876,0.9593476376879281,0.00020512313864495831,0.9593476376887458,0.0002051231387160185
1.0,0.06464646464646465,A,0.9127448233237773,0.0005240892093439524,0.9127448233261015,0.0005240892102796904,0.9127448233249393,0.0005240892098118215
1.0,0.06464646464646465,B,0.9366168886688526,0.0003465225830690228,0.936616888670596,0.0003465225839732758,0.9366168886697244,0.00034652258352114914
1.0,0.06464646464646465,naive,0.9591008632392033,0.00021310323987497337,0.9591008632419503,0.00021310324018419406,0.9591008632405769,0.00021310324002958377
1.0,0.06868686868686869,A,0.9136952173267657,0.0004374584355138,0.913695217335011,0.0004374584358849455,0.9136952173308883,0.0004374584356993725
1.0,0.06868686868686869,B,0.9377702971329966,0.00028809552888563514,0.9377702971398381,0.00028809552942584804,0.9377702971364176,0.00028809552915574145
1.0,0.06868686868686869,naive,0.9588621251552408,0.00019418180017951705,0.9588621251603044,0.00019418180079457844,0.9588621251577726,0.0001941818004870472
1.0,0.07272727272727272,A,0.9167438533724885,0.00045095434970957287,0.916743853369521,0.00045095434902633094,0.9167438533710046,0.00045095434936795177
1.0,0.07272727272727272,B,0.9402386897909132,0.00029860559050763375,0.9402386897868749,0.00029860559017724076,0.9402386897888941,0.00029860559034243695
1.0,0.07272727272727272,naive,0.9594629778216128,0.00020185918351856995,0.9594629778145447,0.00020185918353445907,0.9594629778180789,0.0002018591835265146
1.0,0.07676767676767676,A,0.9182600697542381,0.0004360574714910103,0.9182600697576915,0.0004360574719034593,0.9182600697559647,0.0004360574716972344
1.0,0.07676767676767676,B,0.9418302239707728,0.0002889097367608085,0.9418302239725225,0.00028890973687840666,0.9418302239716476,0.0002889097368196073
1.0,0.07676767676767676,naive,0.9595847005066864,0.00020190732133356043,0.9595847005054443,0.0002019073214520788,0.9595847005060654,0.00020190732139281953
1.0,0.0808080808080808,A,0.9199908652402418,0.00042990242150310864,0.9199908652477592,0.0004299024219572074,0.9199908652440004,0.00042990242173015787
1.0,0.0808080808080808,B,0.9430989552234235,0.00028778897534806894,0.9430989552294203,0.0002877889755350764,0.943098955226422,0.0002877889754415726
1.0,0.0808080808080808,naive,0.9594158670379318,0.00020612336454536439,0.9594158670429696,0.0002061233646826457,0.9594158670404508,0.00020612336461400536
1.0,0.08484848484848485,A,0.9215378830519273,0.00041944605820041077,0.9215378830463357,0.0004194460588367251,0.9215378830491315,0.0004194460585185682
1.0,0.08484848484848485,B,0.9443157088793245,0.00027412988379386325,0.9443157088728324,0.0002741298842497982,0.9443157088760785,0.0002741298840218304
1.0,0.08484848484848485,naive,0.9591667412488873,0.0002114757042628745,0.9591667412402956,0.00021147570444630284,0.9591667412445914,0.0002114757043545888
1.0,0.08888888888888889,A,0.9225231645859685,0.00038146965926457723,0.9225231646107659,0.0003814696588279113,0.9225231645983673,0.00038146965904624445
1.0,0.08888888888888889,B,0.9451971866753439,0.00025810343437867743,0.9451971866980595,0.00025810343409494134,0.9451971866867018,0.00025810343423680925
1.0,0.08888888888888889,naive,0.9591492787561571,0.00019771170775694156,0.9591492787751511,0.00019771170793181063,0.9591492787656541,0.00019771170784437612
1.0,0.09292929292929293,A,0.9242609409320041,0.0004283453023406068,0.9242609409434192,0.0004283453028506135,0.9242609409377116,0.0004283453025956102
1.0,0.09292929292929293,B,0.94638001014249,0.0002881893613175598,0.9463800101510658,0.00028818936173829947,0.9463800101467779,0.0002881893615279296
1.0,0.09292929292929293,naive,0.9591650887881825,0.00022436075001591258,0.9591650887935511,0.00022436075048857114,0.9591650887908668,0.00022436075025224182
1.0,0.09696969696969697,A,0.9258365970475981,0.00040271672572626875,0.9258365970528603,0.00040271672588083505,0.9258365970502291,0.0004027167258035522
1.0,0.09696969696969697,B,0.9477644553392699,0.0002605545613383059,0.9477644553440218,0.0002605545615979741,0.9477644553416458,0.0002605545614681398
1.0,0.09696969696969697,naive,0.9592448594629179,0.00020759706992232364,0.9592448594682673,0.00020759707022489324,0.9592448594655927,0.0002075970700736085
1.0,0.10101010101010101,A,0.9269520924612729,0.000399938061700165,0.9269520924787671,0.00039993806234637336,0.92695209247002,0.000399938062023269
1.0,0.10101010101010101,B,0.9484587288198293,0.0002595344351610768,0.9484587288339107,0.0002595344359049628,0.9484587288268699,0.0002595344355330197
1.0,0.10101010101010101,naive,0.9591337374160005,0.00020377371138653868,0.9591337374267921,0.00020377371162506115,0.9591337374213964,0.0002037737115057998
1.0,0.10505050505050505,A,0.9282391291939674,0.0003930681309509556,0.9282391291742021,0.0003930681304358939,0.9282391291840847,0.00039306813069342456
1.0,0.10505050505050505,B,0.9494614607712961,0.00025924582425070655,0.9494614607571354,0.000259245823877467,0.949461460764216,0.00025924582406408657
1.0,0.10505050505050505,naive,0.9593635169670393,0.00020955277316153466,0.9593635169575906,0.00020955277296751123,0.9593635169623149,0.00020955277306452283
1.0,0.10909090909090909,A,0.9302540330767645,0.00035338246182581984,0.9302540330898676,0.0003533824609345281,0.9302540330833162,0.000353382461380174
1.0,0.10909090909090909,B,0.9506948191928957,0.00024115016748625363,0.9506948192050675,0.00024115016687142486,0.9506948191989815,0.00024115016717883922
1.0,0.10909090909090909,naive,0.9595548883362883,0.00020829414644305574,0.9595548883474143,0.00020829414619552943,0.9595548883418513,0.00020829414631929263
1.0,0.11313131313131314,A,0.9309935940922811,0.00038616109192650123,0.9309935941047169,0.00038616109140698554,0.9309935940984991,0.00038616109166674314
1.0,0.11313131313131314,B,0.9513062509216365,0.0002464864139405893,0.9513062509334667,0.00024648641348329727,0.9513062509275515,0.0002464864137119431
1.0,0.11313131313131314,naive,0.9595201620509691,0.00019990833181448653,0.9595201620620978,0.0001999083318196071,0.9595201620565333,0.00019990833181704687
1.0,0.11717171717171718,A,0.9316747846141814,0.00031175857394698,0.9316747846131059,0.00031175857439504876,0.9316747846136437,0.00031175857417101426
1.0,0.11717171717171718,B,0.9518005212417714,0.00022212845934396392,0.9518005212394121,0.0002221284602620456,0.9518005212405919,0.00022212845980300466
1.0,0.11717171717171718,naive,0.9594400558043449,0.00020252171256455775,0.9594400557988019,0.00020252171377234553,0.9594400558015734,0.00020252171316845145
1.0,0.12121212121212122,A,0.9334196776876721,0.0003552092696628999,0.9334196776909721,0.00035520927031284323,0.9334196776893222,0.00035520926998787135
1.0,0.12121212121212122,B,0.9524773688286524,0.00024236475586958937,0.952477368832204,0.0002423647562862921,0.9524773688304282,0.00024236475607794037
1.0,0.12121212121212122,naive,0.9592105010304867,0.00021254414264826083,0.9592105010349293,0.00021254414303636002,0.959210501032708,0.00021254414284231
1.0,0.12525252525252525,A,0.9342094845407476,0.00036123116113227896,0.9342094845380609,0.00036123116016745373,0.9342094845394044,0.00036123116064986656
1.0,0.12525252525252525,B,0.953035440110813,0.00024067507379030238,0.9530354401104283,0.00024067507315660532,0.9530354401106206,0.00024067507347345395
1.0,0.12525252525252525,naive,0.9592262549419914,0.00020915805500589722,0.9592262549430521,0.00020915805470006406,0.9592262549425218,0.0002091580548529807
1.0,0.1292929292929293,A,0.9347746322307655,0.00032919628949736214,0.9347746322317376,0.00032919628963580934,0.9347746322312516,0.0003291962895665854
1.0,0.1292929292929293,B,0.953299421154432,0.00022232644852276592,0.9532994211604049,0.00022232644868181803,0.9532994211574184,0.00022232644860229196
1.0,0.1292929292929293,naive,0.9589209629780394,0.0002002018124065376,0.9589209629857706,0.00020020181288630086,0.958920962981905,0.00020020181264641934
1.0,0.13333333333333333,A,0.9365742662420512,0.0002981587904141824,0.9365742662359622,0.00029815879079862464,0.9365742662390067,0.0002981587906064036
1.0,0.13333333333333333,B,0.954473126401244,0.00020279420943129252,0.9544731263928941,0.00020279420963331663,0.954473126397069,0.00020279420953230463
1.0,0.13333333333333333,naive,0.9595190140265422,0.0001825038739358742,0.9595190140180978,0.00018250387437402228,0.9595190140223201,0.0001825038741549481
1.0,0.13737373737373737,A,0.9371816893089783,0.0003239704622568668,0.937181689314382,0.0003239704622645094,0.9371816893116801,0.0003239704622606879
1.0,0.13737373737373737,B,0.9544593137480245,0.00022207308421252366,0.9544593137524745,0.00022207308429564077,0.9544593137502495,0.00022207308425408227
1.0,0.13737373737373737,naive,0.9590315941998503,0.00020562774356224157,0.9590315942048752,0.0002056277434750051,0.9590315942023626,0.0002056277435186234
1.0,0.1414141414141414,A,0.9374827198546899,0.00031494325425482903,0.9374827198537805,0.0003149432533142359,0.9374827198542351,0.0003149432537845326
1.0,0.1414141414141414,B,0.9546529282779015,0.00021604513981644786,0.954652928274131,0.0002160451393858077,0.9546529282760163,0.00021604513960112766
1.0,0.1414141414141414,naive,0.9589606878987184,0.000192887698094167,0.9589606878920921,0.00019288769784477986,0.9589606878954052,0.00019288769796947322
1.0,0.14545454545454545,A,0.9380809524689397,0.0003074668502082462,0.9380809524656109,0.0003074668493869787,0.9380809524672753,0.00030746684979761227
1.0,0.14545454545454545,B,0.9550259478545701,0.0002173373977234013,0.9550259478476497,0.00021733739745900794,0.9550259478511101,0.00021733739759120463
1.0,0.14545454545454545,naive,0.9588990893124612,0.0002086431422463972,0.9588990893064444,0.0002086431420106993,0.9588990893094527,0.00020864314212854814
1.0,0.1494949494949495,A,0.9392369349302249,0.00030352134440469715,0.9392369349199623,0.00030352134468332703,0.9392369349250935,0.0003035213445440117
1.0,0.1494949494949495,B,0.9559233289913807,0.0002126832250096541,0.9559233289834026,0.0002126832247863172,0.9559233289873916,0.00021268322489798535
1.0,0.1494949494949495,naive,0.9594318832067631,0.00019764720552255886,0.9594318831993118,0.0001976472048882024,0.9594318832030373,0.00019764720520538061
1.0,0.15353535353535352,A,0.9408119596406614,0.0002719396049265397,0.9408119596395261,0.00027193960439623045,0.9408119596400937,0.0002719396046613847
1.0,0.15353535353535352,B,0.9565297971829765,0.0001910991344182009,0.9565297971866678,0.00019109913437975542,0.956529797184822,0.00019109913439897803
1.0,0.15353535353535352,naive,0.9596155311185006,0.00018593005598033943,0.959615531123973,0.00018593005611666853,0.9596155311212368,0.00018593005604850398
1.0,0.15757575757575756,A,0.9413334395853784,0.00030108537227144385,0.9413334395803878,0.0003010853732595002,0.941333439582883,0.0003010853727654722
1.0,0.15757575757575756,B,0.9567131386531041,0.00020922266440894478,0.9567131386466536,0.00020922266469375344,0.956713138649879,0.00020922266455134888
1.0,0.15757575757575756,naive,0.9593880321041752,0.0002057250515428214,0.9593880320969953,0.00020572505198442054,0.9593880321005852,0.00020572505176362076
1.0,0.1616161616161616,A,0.9415977146870996,0.0002877972474419748,0.9415977146842743,0.0002877972474114823,0.9415977146856869,0.00028779724742672885
1.0,0.1616161616161616,B,0.9566868878323149,0.00020221025593331827,0.9566868878321315,0.00020221025634374447,0.9566868878322232,0.00020221025613853118
1.0,0.1616161616161616,naive,0.9591270798643976,0.00019723127171715203,0.9591270798647246,0.00019723127210180094,0.959127079864561,0.0001972312719094762
1.0,0.16565656565656567,A,0.942511464498096,0.0003144255602358644,0.9425114644929279,0.00031442555999337677,0.9425114644955118,0.0003144255601146205
1.0,0.16565656565656567,B,0.9572774469104631,0.00022075287378767126,0.9572774469083797,0.00022075287393069005,0.9572774469094213,0.00022075287385918033
1.0,0.16565656565656567,naive,0.9593850711792571,0.0002132667800107606,0.9593850711772902,0.00021326678027650475,0.9593850711782737,0.00021326678014363284
1.0,0.1696969696969697,A,0.9428087126223305,0.00028615528890091536,0.9428087126285066,0.00028615528862207547,0.9428087126254185,0.0002861552887614952
1.0,0.1696969696969697,B,0.9571732093589538,0.00021122693244361788,0.9571732093606511,0.00021122693174952434,0.9571732093598024,0.00021122693209657087
1.0,0.1696969696969697,naive,0.95907454233757,0.0002067613432865379,0.9590745423374881,0.00020676134258070983,0.959074542337529,0.00020676134293362366
1.0,0.17373737373737375,A,0.9439392986880294,0.0002596078496799307,0.9439392986918392,0.0002596078501013667,0.9439392986899342,0.00025960784989064877
1.0,0.17373737373737375,B,0.9576050992765679,0.00019084053381393623,0.9576050992748395,0.0001908405345072147,0.9576050992757038,0.0001908405341605755
1.0,0.17373737373737375,naive,0.9593140940557032,0.00018872564928346325,0.9593140940538261,0.00018872565003695923,0.9593140940547644,0.00018872564966021128
1.0,0.17777777777777778,A,0.9442401124496795,0.00027655253929851264,0.9442401124507691,0.0002765525392532252,0.9442401124502243,0.0002765525392758688
1.0,0.17777777777777778,B,0.9577029579196767,0.00019647401343913032,0.9577029579199211,0.00019647401304006634,0.9577029579197989,0.0001964740132395982
1.0,0.17777777777777778,naive,0.9590713041238982,0.00019250368822871548,0.9590713041222254,0.00019250368812082346,0.9590713041230619,0.00019250368817476957
1.0,0.18181818181818182,A,0.9448624067837295,0.0002669786801322312,0.9448624067973825,0.00026697868137465127,0.9448624067905561,0.0002669786807534411
1.0,0.18181818181818182,B,0.957841524478864,0.00019883634238757782,0.9578415244927017,0.00019883634312913568,0.9578415244857829,0.00019883634275835664
1.0,0.18181818181818182,naive,0.9590371890142804,0.00020010818334823447,0.959037189027897,0.00020010818406626137,0.9590371890210886,0.000200108183707248
1.0,0.18585858585858586,A,0.946097994661949,0.00027987301420295764,0.9460979946562997,0.00027987301401618544,0.9460979946591244,0.00027987301410957157
1.0,0.18585858585858586,B,0.9585872057370832,0.00020385882617460089,0.9585872057303797,0.00020385882604472344,0.9585872057337315,0.00020385882610966222
1.0,0.18585858585858586,naive,0.9595351474973464,0.0001987823017446179,0.9595351474890557,0.00019878230154506623,0.959535147493201,0.000198782301644842
1.0,0.1898989898989899,A,0.9463175116291314,0.00026765104391647055,0.9463175116207755,0.00026765104397317253,0.9463175116249535,0.00026765104394482157
1.0,0.1898989898989899,B,0.9585002724229296,0.00020240081338533886,0.9585002724155727,0.00020240081306153275,0.9585002724192511,0.000202400813223436
1.0,0.1898989898989899,naive,0.9593732046604733,0.00020400567060739665,0.9593732046509289,0.00020400567001525597,0.9593732046557011,0.00020400567031132614
1.0,0.19393939393939394,A,0.9468056197775511,0.0002565311097843643,0.9468056197633485,0.00025653111023737457,0.9468056197704497,0.0002565311100108696
1.0,0.19393939393939394,B,0.9584217778311716,0.00020695742833117933,0.9584217778160046,0.00020695742912485316,0.9584217778235881,0.0002069574287280159
1.0,0.19393939393939394,naive,0.9590915070285442,0.00020928683200669934,0.9590915070129853,0.00020928683286810566,0.9590915070207648,0.00020928683243740253
1.0,0.19797979797979798,A,0.9474511307285703,0.000260564186974895,0.9474511307376146,0.0002605641869867815,0.9474511307330925,0.0002605641869808382
1.0,0.19797979797979798,B,0.958836944972433,0.00019498054884641407,0.9588369449835933,0.0001949805486512172,0.9588369449780132,0.0001949805487488156
1.0,0.19797979797979798,naive,0.9594072335783841,0.00020139672131295862,0.9594072335874846,0.00020139672130313314,0.9594072335829341,0.00020139672130804607
1.0,0.20202020202020202,A,0.9479748885152215,0.00025325094029621736,0.9479748885177045,0.0002532509391832002,0.947974888516463,0.00025325093973970885
1.0,0.20202020202020202,B,0.9589715894892766,0.00019319618310399404,0.9589715894910634,0.00019319618215473988,0.95897158949017,0.00019319618262936684
1.0,0.20202020202020202,naive,0.9593351967351701,0.0001953901963459369,0.9593351967375406,0.00019539019543356013,0.9593351967363553,0.00019539019588974855
1.0,0.20606060606060606,A,0.948329792493952,0.00025618501819934256,0.9483297925087831,0.00025618501799865,0.9483297925013676,0.0002561850180989964
1.0,0.20606060606060606,B,0.9590123787104762,0.00020091740069494877,0.9590123787233594,0.00020091740091607492,0.9590123787169178,0.00020091740080551188
1.0,0.20606060606060606,naive,0.9592948548540773,0.0002003133932983859,0.9592948548640738,0.00020031339346522246,0.9592948548590755,0.00020031339338180416
1.0,0.2101010101010101,A,0.9486561690497782,0.00024728568059539013,0.9486561690517366,0.0002472856813397786,0.9486561690507574,0.0002472856809675844
1.0,0.2101010101010101,B,0.9589871846922416,0.00018693652967364141,0.9589871846960432,0.0001869365309724904,0.9589871846941425,0.00018693653032306578
1.0,0.2101010101010101,naive,0.9591834658080765,0.00019651749288412243,0.9591834658119022,0.0001965174939045435,0.9591834658099895,0.00019651749339433293
1.0,0.21414141414141413,A,0.9492212490607079,0.00025320351349811883,0.9492212490479881,0.00025320351323871256,0.949221249054348,0.00025320351336841583
1.0,0.21414141414141413,B,0.9592268860235097,0.00020965631405104338,0.9592268860092517,0.00020965631372720482,0.9592268860163807,0.0002096563138891244
1.0,0.21414141414141413,naive,0.9592302336617945,0.00021052851774099244,0.9592302336493901,0.00021052851748759005,0.9592302336555923,0.00021052851761429098
1.0,0.21818181818181817,A,0.9494330727136826,0.0002429385563561565,0.9494330727218141,0.0002429385570269533,0.9494330727177482,0.00024293855669155472
1.0,0.21818181818181817,B,0.9592379060594911,0.0001980203610455754,0.9592379060679371,0.0001980203613384249,0.9592379060637143,0.0001980203611920003
1.0,0.21818181818181817,naive,0.959149573260778,0.00020109030581222552,0.9591495732684957,0.00020109030598896698,0.9591495732646369,0.00020109030590059605
1.0,0.2222222222222222,A,0.9501177436377999,0.0002306795979065971,0.9501177436514666,0.00023067959772342465,0.9501177436446333,0.00023067959781501092
1.0,0.2222222222222222,B,0.9593960821473771,0.00018466526702145156,0.959396082159931,0.00018466526648068413,0.9593960821536541,0.00018466526675106775
1.0,0.2222222222222222,naive,0.959257542402122,0.0001919901264861682,0.9592575424137277,0.0001919901261941813,0.959257542407925,0.00019199012634017482
1.0,0.22626262626262628,A,0.9503663868431569,0.00026001560861884634,0.9503663868473925,0.00026001560858372286,0.9503663868452747,0.0002600156086012843
1.0,0.22626262626262628,B,0.9593871071752573,0.000219576016584363,0.9593871071764297,0.00021957601642046172,0.9593871071758437,0.00021957601650241215
1.0,0.22626262626262628,naive,0.9592786189190915,0.0002187541321444998,0.9592786189227412,0.00021875413205415454,0.9592786189209164,0.0002187541320993268
1.0,0.23030303030303031,A,0.9510483467433525,0.0002291923167156703,0.9510483467478761,0.0002291923157892875,0.9510483467456143,0.00022919231625247882
1.0,0.23030303030303031,B,0.9598000429017026,0.00018209554754085967,0.9598000429079887,0.00018209554629056407,0.9598000429048458,0.000182095546915712
1.0,0.23030303030303031,naive,0.9594361297890158,0.00018716463461516085,0.9594361297944674,0.00018716463350713108,0.9594361297917416,0.0001871646340611458
1.0,0.23434343434343435,A,0.9510401316377419,0.00024873723268144254,0.9510401316344701,0.0002487372324445167,0.951040131636106,0.0002487372325629797
1.0,0.23434343434343435,B,0.9595547472469099,0.00019868492894335775,0.9595547472422312,0.00019868492886540885,0.9595547472445705,0.00019868492890438353
1.0,0.23434343434343435,naive,0.9593222287826617,0.00020391615836642596,0.9593222287795575,0.0002039161582673413,0.9593222287811096,0.00020391615831688342
1.0,0.2383838383838384,A,0.9512020758505005,0.00025474720736607233,0.9512020758442256,0.00025474720740038077,0.951202075847363,0.00025474720738322674
1.0,0.2383838383838384,B,0.9594085060399047,0.0002216250254908563,0.9594085060372851,0.00022162502531204581,0.9594085060385951,0.000221625025401451
1.0,0.2383838383838384,naive,0.9589795343959086,0.00022630648561953562,0.9589795343937766,0.00022630648536023048,0.9589795343948427,0.00022630648548988282
1.0,0.24242424242424243,A,0.951750031886906,0.00023714029569331583,0.9517500318833182,0.00023714029544123611,0.951750031885112,0.00023714029556727595
1.0,0.24242424242424243,B,0.9594499569754548,0.00019361896672889843,0.9594499569720126,0.00019361896627870132,0.9594499569737337,0.00019361896650379974
1.0,0.24242424242424243,naive,0.9591011148648508,0.00019920591562196048,0.9591011148624707,0.0001992059152415692,0.9591011148636608,0.00019920591543176478
1.0,0.24646464646464647,A,0.9521639164191069,0.0002295490855493836,0.9521639164117615,0.0002295490850837912,0.9521639164154343,0.00022954908531658754
1.0,0.24646464646464647,B,0.9597301491363252,0.00018986748027515868,0.9597301491307377,0.00018986747978273083,0.9597301491335314,0.0001898674800289447
1.0,0.24646464646464647,naive,0.9592210682863742,0.0001913855130006875,0.9592210682808653,0.00019138551241274963,0.9592210682836197,0.00019138551270671852
1.0,0.2505050505050505,A,0.9529023003297317,0.0002260304122999245,0.9529023003287057,0.00022603041169657438,0.9529023003292187,0.0002260304119982494
1.0,0.2505050505050505,B,0.9599799627829745,0.00019779474038102764,0.9599799627800514,0.000197794740114908,0.9599799627815129,0.0001977947402479677
1.0,0.2505050505050505,naive,0.9595559509450209,0.00020073353503993803,0.9595559509441118,0.00020073353463729267,0.9595559509445664,0.0002007335348386155
1.0,0.2545454545454545,A,0.9530217120238121,0.00022134993303080363,0.9530217120246401,0.00022134993414124707,0.9530217120242261,0.00022134993358602557
1.0,0.2545454545454545,B,0.9598659293170431,0.00018921464000747773,0.9598659293181793,0.00018921464044312336,0.9598659293176113,0.00018921464022530056
1.0,0.2545454545454545,naive,0.9593780169857093,0.0001899940843010758,0.9593780169835294,0.0001899940850913424,0.9593780169846196,0.00018999408469620908
1.0,0.2585858585858586,A,0.9532482043783258,0.0002297532069333245,0.9532482043745021,0.0002297532076848026,0.9532482043764139,0.00022975320730906352
1.0,0.2585858585858586,B,0.9597748151777893,0.00019809735979210507,0.9597748151737627,0.00019809736002895245,0.959774815175776,0.00019809735991052846
1.0,0.2585858585858586,naive,0.9592930859400627,0.00020029344713942907,0.9592930859369317,0.0002002934478197685,0.9592930859384973,0.00020029344747959864
1.0,0.26262626262626265,A,0.9534612303849184,0.00021139805852914034,0.9534612303881572,0.00021139805755532732,0.9534612303865377,0.00021139805804223374
1.0,0.26262626262626265,B,0.9600055693117837,0.00018672863730257683,0.9600055693165939,0.00018672863655412697,0.9600055693141889,0.00018672863692835234
1.0,0.26262626262626265,naive,0.959358009032124,0.00018363399705855672,0.9593580090370043,0.00018363399636826935,0.9593580090345639,0.00018363399671341292
1.0,0.26666666666666666,A,0.9539963270286971,0.00022424191180833022,0.9539963270285844,0.00022424191218484298,0.9539963270286407,0.0002242419119965864
1.0,0.26666666666666666,B,0.960037463978544,0.0001966962262533671,0.9600374639764382,0.00019669622713323738,0.9600374639774912,0.00019669622669330226
1.0,0.26666666666666666,naive,0.9595648962405751,0.00019980187446698425,0.9595648962396295,0.00019980187501891433,0.9595648962401023,0.00019980187474294927
1.0,0.27070707070707073,A,0.9543151905808089,0.00023171276065792352,0.9543151905846696,0.00023171276167378326,0.9543151905827392,0.00023171276116585343
1.0,0.27070707070707073,B,0.9602269412615253,0.00020129457024592958,0.9602269412693297,0.00020129457040915833,0.9602269412654276,0.00020129457032754376
1.0,0.27070707070707073,naive,0.9595523587137432,0.00020999785037452534,0.9595523587192291,0.00020999785099298112,0.9595523587164863,0.00020999785068375333
1.0,0.27474747474747474,A,0.9541871080898184,0.00022270315024101444,0.9541871080779412,0.00022270315150501558,0.9541871080838795,0.00022270315087301472
1.0,0.27474747474747474,B,0.9598413391041095,0.0001998844216886764,0.9598413390922746,0.0001998844223028769,0.959841339098192,0.00019988442199577643
1.0,0.27474747474747474,naive,0.9592257439789765,0.00020090044606555662,0.9592257439655658,0.00020090044691503355,0.9592257439722711,0.00020090044649029515
1.0,0.2787878787878788,A,0.954306994359515,0.0002556455978265049,0.9543069943514425,0.00025564559710681455,0.9543069943554789,0.00025564559746665995
1.0,0.2787878787878788,B,0.9597599762862895,0.00022398334976393307,0.9597599762737914,0.00022398334928680307,0.9597599762800405,0.00022398334952536826
1.0,0.2787878787878788,naive,0.9591414219836644,0.00023131097646119514,0.9591414219740537,0.00023131097601986154,0.9591414219788591,0.00023131097624052834
1.0,0.2828282828282828,A,0.9544943115255782,0.00022662899841142313,0.9544943115257403,0.00022662899870821092,0.9544943115256591,0.0002266289985598168
1.0,0.2828282828282828,B,0.9597268394408158,0.0002023167496737946,0.9597268394403383,0.0002023167495000625,0.959726839440577,0.00020231674958692838
1.0,0.2828282828282828,naive,0.9591535849975679,0.0002114864926698136,0.9591535849969955,0.00021148649285596284,0.9591535849972818,0.00021148649276288826
1.0,0.2868686868686869,A,0.9545085116453113,0.000238683034233437,0.9545085116443114,0.00023868303447666038,0.9545085116448112,0.00023868303435504835
1.0,0.2868686868686869,B,0.9594292203955262,0.00021991239865606303,0.9594292203961539,0.00021991239871694106,0.95942922039584,0.0002199123986865022
1.0,0.2868686868686869,naive,0.9588485491329578,0.00022676254868034024,0.9588485491325193,0.0002267625489051621,0.9588485491327384,0.00022676254879275121
1.0,0.2909090909090909,A,0.9551966345914167,0.0001948374579442154,0.9551966345842768,0.00019483745693477182,0.9551966345878468,0.00019483745743949387
1.0,0.2909090909090909,B,0.959983092662861,0.0001872513795338017,0.9599830926553783,0.00018725137833519985,0.9599830926591195,0.00018725137893450057
1.0,0.2909090909090909,naive,0.9593269329023356,0.00018241003387107677,0.9593269328952886,0.00018241003276431766,0.959326932898812,0.0001824100333176973
1.0,0.29494949494949496,A,0.955177856071005,0.00022138803687786064,0.9551778560752779,0.00022138803673370564,0.9551778560731415,0.00022138803680578305
1.0,0.29494949494949496,B,0.9598912643230392,0.0002078022658165896,0.9598912643261457,0.00020780226576759723,0.9598912643245925,0.00020780226579209305
1.0,0.29494949494949496,naive,0.9591382489674999,0.00020742869428127514,0.959138248971176,0.00020742869416420358,0.9591382489693379,0.0002074286942227395
1.0,0.298989898989899,A,0.9552951459618056,0.00020221523559538844,0.9552951459613185,0.0002022152352338397,0.9552951459615621,0.00020221523541461386
1.0,0.298989898989899,B,0.9595776926407918,0.00018885595289098447,0.9595776926382034,0.000188855952510972,0.9595776926394975,0.000188855952700978
1.0,0.298989898989899,naive,0.9591284620895381,0.00019099237520640646,0.9591284620884611,0.00019099237491515116,0.9591284620889996,0.00019099237506077843
1.0,0.30303030303030304,A,0.9554390043260799,0.00021496712050820123,0.9554390043192916,0.00021496712049924062,0.9554390043226857,0.00021496712050372092
1.0,0.30303030303030304,B,0.9594530942270119,0.0002053280863867736,0.9594530942241744,0.00020532808645870452,0.9594530942255932,0.00020532808642273896
1.0,0.30303030303030304,naive,0.9589728260865047,0.00019836537066858102,0.9589728260809837,0.00019836537056582823,0.9589728260837442,0.00019836537061720464
1.0,0.30707070707070705,A,0.9559127232594684,0.00021541535751625106,0.955912723274451,0.00021541535688018466,0.9559127232669595,0.00021541535719821802
1.0,0.30707070707070705,B,0.95970314602722,0.0002143966331766672,0.9597031460402521,0.00021439663245323196,0.959703146033736,0.00021439663281494928
1.0,0.30707070707070705,naive,0.9591705780017403,0.00020489385230175843,0.959170578016452,0.00020489385164038434,0.9591705780090962,0.00020489385197107137
1.0,0.3111111111111111,A,0.9559773400908814,0.00022078478244670735,0.9559773400910031,0.00022078478193615446,0.9559773400909423,0.00022078478219143087
1.0,0.3111111111111111,B,0.9594896154470416,0.0002057636917183043,0.9594896154503009,0.00020576369152282143,0.9594896154486713,0.0002057636916205629
1.0,0.3111111111111111,naive,0.9590241798646543,0.00020065883568906386,0.9590241798632126,0.0002006588354422962,0.9590241798639334,0.00020065883556568052
1.0,0.3151515151515151,A,0.9562815524722249,0.0002023293292860439,0.9562815524646621,0.00020232932920981377,0.9562815524684436,0.00020232932924792873
1.0,0.3151515151515151,B,0.9597677688330242,0.00019235550902773846,0.9597677688303918,0.00019235550890735426,0.9597677688317079,0.00019235550896754645
1.0,0.3151515151515151,naive,0.9592561459893935,0.00019118865686246057,0.9592561459843324,0.00019118865681225792,0.9592561459868629,0.000191188656837359
1.0,0.3191919191919192,A,0.956281932718079,0.0002164687821497361,0.9562819327190587,0.0002164687817653667,0.9562819327185689,0.0002164687819575515
1.0,0.3191919191919192,B,0.9594783952566748,0.0001986285674517004,0.9594783952543865,0.00019862856719018188,0.9594783952555307,0.00019862856732094105
1.0,0.3191919191919192,naive,0.9591182673335296,0.0002043079588073145,0.9591182673319184,0.0002043079587517436,0.9591182673327239,0.00020430795877952906
1.0,0.3232323232323232,A,0.9567170533047065,0.00020553503499231324,0.9567170533062546,0.00020553503480491827,0.9567170533054805,0.00020553503489861583
1.0,0.3232323232323232,B,0.9598575981404919,0.00020786810568621715,0.95985759814455,0.00020786810507593355,0.9598575981425209,0.0002078681053810753
1.0,0.3232323232323232,naive,0.959335647150157,0.0001968115429340963,0.9593356471520312,0.0001968115424419179,0.959335647151094,0.0001968115426880065
1.0,0.32727272727272727,A,0.9569007695708652,0.00021322512454633656,0.9569007695708762,0.00021322512506396344,0.9569007695708709,0.00021322512480514974
1.0,0.32727272727272727,B,0.9596481966541629,0.0001927054242703267,0.9596481966513961,0.00019270542526738684,0.9596481966527795,0.0001927054247688567
1.0,0.32727272727272727,naive,0.959363474407422,0.00020358359705833693,0.9593634744072097,0.00020358359749275733,0.9593634744073156,0.00020358359727554678
1.0,0.33131313131313134,A,0.9570064930615106,0.00020547255494853667,0.95700649306445,0.0002054725545493685,0.9570064930629804,0.00020547255474895267
1.0,0.33131313131313134,B,0.9597362762162405,0.00020797429612799621,0.9597362762171077,0.0002079742959318272,0.959736276216674,0.00020797429602991183
1.0,0.33131313131313134,naive,0.9593218247164753,0.00019982794172928133,0.9593218247209901,0.00019982794120225583,0.9593218247187326,0.00019982794146576868
1.0,0.33535353535353535,A,0.9570711299602186,0.00019507387496144572,0.957071129955707,0.00019507387535572612,0.957071129957963,0.00019507387515858615
1.0,0.33535353535353535,B,0.9597856089614261,0.00019779630528559184,0.9597856089539899,0.00019779630554016438,0.9597856089577079,0.0001977963054128781
1.0,0.33535353535353535,naive,0.9592421868152805,0.00019158240825312682,0.9592421868109843,0.00019158240873626183,0.9592421868131323,0.0001915824084946946
1.0,0.3393939393939394,A,0.9574220498728626,0.00022154322149189602,0.9574220498697317,0.00022154322186050535,0.957422049871297,0.0002215432216762005
1.0,0.3393939393939394,B,0.9597324107896068,0.0002228015849826391,0.959732410790056,0.00022280158543479947,0.9597324107898315,0.0002228015852087193
1.0,0.3393939393939394,naive,0.9593759423109097,0.0002190352005858978,0.9593759423079044,0.0002190352010794982,0.9593759423094071,0.00021903520083269777
1.0,0.3434343434343434,A,0.9567600883723638,0.0001938105762183816,0.9567600883788611,0.00019381057606479766,0.9567600883756124,0.00019381057614158948
1.0,0.3434343434343434,B,0.9590024675117326,0.00020409275762334122,0.9590024675219453,0.0002040927570321892,0.9590024675168389,0.00020409275732776513
1.0,0.3434343434343434,naive,0.9587947023845186,0.00018503796818483069,0.9587947023900939,0.000185037967845497,0.9587947023873062,0.0001850379680151637
1.0,0.3474747474747475,A,0.9571780611643694,0.00019230794693192763,0.9571780611693456,0.00019230794807976548,0.9571780611668576,0.00019230794750584658
1.0,0.3474747474747475,B,0.9593712620394145,0.00018519718190199836,0.9593712620423287,0.00018519718255212585,0.9593712620408716,0.00018519718222706195
1.0,0.3474747474747475,naive,0.9590077865645731,0.00019094376525698062,0.9590077865686087,0.0001909437662183144,0.9590077865665908,0.00019094376573764767
1.0,0.3515151515151515,A,0.9577766654890284,0.00020830046345130912,0.95777666550451,0.00020830046365198868,0.9577766654967692,0.0002083004635516488
1.0,0.3515151515151515,B,0.959522893920703,0.00020546919044478525,0.9595228939363932,0.00020546919070662647,0.9595228939285483,0.00020546919057570572
1.0,0.3515151515151515,naive,0.9594368982943291,0.00020079036046171907,0.9594368983108379,0.0002007903607952463,0.9594368983025834,0.0002007903606284826
1.0,0.35555555555555557,A,0.957732373171502,0.00020822725397812774,0.9577323731668897,0.00020822725368241767,0.9577323731691959,0.00020822725383027273
1.0,0.35555555555555557,B,0.9592622203137501,0.00020934704032157415,0.9592622203080685,0.0002093470401751466,0.9592622203109094,0.0002093470402483602
1.0,0.35555555555555557,naive,0.9592636185587412,0.0002081542061332384,0.9592636185550569,0.00020815420590526698,0.959263618556899,0.00020815420601925257
1.0,0.3595959595959596,A,0.9580124485257607,0.0001998079063309772,0.9580124485158307,0.00019980790641654136,0.9580124485207956,0.00019980790637375926
1.0,0.3595959595959596,B,0.9594000400896454,0.00019444862848454314,0.9594000400845936,0.00019444862894809272,0.9594000400871195,0.0001944486287163181
1.0,0.3595959595959596,naive,0.9594335253343778,0.0001948071148700044,0.959433525324622,0.00019480711521563496,0.9594335253295,0.00019480711504281977
1.0,0.36363636363636365,A,0.9577105625252496,0.00019218412367551785,0.9577105625240334,0.00019218412347289123,0.9577105625246415,0.0001921841235742045
1.0,0.36363636363636365,B,0.9591281641124135,0.0002110410935622555,0.9591281641117972,0.0002110410931287032,0.9591281641121054,0.00021104109334547938
1.0,0.36363636363636365,naive,0.9590156987626566,0.00019006359965723313,0.9590156987624974,0.00019006359925314662,0.959015698762577,0.00019006359945518975
1.0,0.36767676767676766,A,0.957897670336767,0.00021706768312659133,0.9578976703343116,0.00021706768265546695,0.9578976703355393,0.00021706768289102944
1.0,0.36767676767676766,B,0.9591257675345801,0.00021367323724023115,0.9591257675310015,0.00021367323677770373,0.9591257675327907,0.00021367323700896738
1.0,0.36767676767676766,naive,0.959134504040464,0.0002117235857316101,0.959134504040178,0.0002117235850963669,0.9591345040403209,0.00021172358541398853
1.0,0.3717171717171717,A,0.9578479324111626,0.00020414198308746205,0.957847932411143,0.0002041419830822933,0.9578479324111528,0.00020414198308487771
1.0,0.3717171717171717,B,0.9589370141876237,0.00020566290068362207,0.9589370141911175,0.00020566290046744186,0.9589370141893704,0.00020566290057553194
1.0,0.3717171717171717,naive,0.9589900500644251,0.00019892733562499113,0.958990050064941,0.0001989273358234838,0.958990050064683,0.00019892733572423707
1.0,0.37575757575757573,A,0.9580983594380137,0.000202660963621194,0.958098359439419,0.0002026609631512488,0.9580983594387164,0.00020266096338622137
1.0,0.37575757575757573,B,0.9589109840341214,0.00021852305989268059,0.958910984031833,0.00021852305966352814,0.9589109840329771,0.0002185230597781047
1.0,0.37575757575757573,naive,0.9592227242628408,0.00020625380632519156,0.9592227242634851,0.0002062538055794728,0.9592227242631628,0.00020625380595233232
1.0,0.3797979797979798,A,0.9579822565359893,0.00018807738264654388,0.9579822565355971,0.00018807738363347629,0.9579822565357933,0.00018807738314001026
1.0,0.3797979797979798,B,0.9589129861385552,0.00018895618094569113,0.9589129861379484,0.0001889561819222971,0.958912986138252,0.00018895618143399407
1.0,0.3797979797979798,naive,0.958891175704233,0.00018986940871185134,0.9588911757025522,0.0001898694095022951,0.9588911757033927,0.00018986940910707318
1.0,0.3838383838383838,A,0.9584344559141244,0.0002050457685513252,0.9584344559236777,0.00020504576878395287,0.9584344559189012,0.00020504576866763917
1.0,0.3838383838383838,B,0.9590563250316597,0.00021482631745926197,0.9590563250427582,0.00021482631746021599,0.9590563250372091,0.00021482631745973896
1.0,0.3838383838383838,naive,0.9593393348093007,0.00020967970849566136,0.9593393348179662,0.00020967970875133298,0.9593393348136334,0.00020967970862349698
1.0,0.3878787878787879,A,0.9584627236269297,0.00018747178956384975,0.9584627236236781,0.00018747178989935543,0.9584627236253038,0.00018747178973160277
1.0,0.3878787878787879,B,0.9589672134580046,0.0001908522767296991,0.9589672134555558,0.0001908522768165833,0.9589672134567803,0.00019085227677314112
1.0,0.3878787878787879,naive,0.9591410379683132,0.00018592130444591176,0.9591410379648926,0.00018592130496003528,0.9591410379666027,0.00018592130470297352
1.0,0.39191919191919194,A,0.9582374737019452,0.00020082986029318868,0.9582374736999085,0.0002008298589897804,0.9582374737009269,0.0002008298596414841
1.0,0.39191919191919194,B,0.9588975159684224,0.00020348630000406606,0.9588975159695801,0.0002034862988709906,0.9588975159690014,0.00020348629943752866
1.0,0.39191919191919194,naive,0.9589469622806643,0.00020273387224388072,0.958946962278403,0.00020273387127128548,0.9589469622795338,0.00020273387175758306
1.0,0.39595959595959596,A,0.958804696218688,0.00020289234555869788,0.9588046962199352,0.0002028923453513309,0.9588046962193115,0.00020289234545501448
1.0,0.39595959595959596,B,0.959006630396278,0.0002119887733613347,0.9590066303954334,0.00021198877301896013,0.9590066303958557,0.00021198877319014727
1.0,0.39595959595959596,naive,0.959448162209202,0.00021025733204881785,0.9594481622108755,0.00021025733218313272,0.9594481622100388,0.0002102573321159753
1.0,0.4,A,0.9583739744239963,0.0002043707746809561,0.9583739744174096,0.00020437077429488377,0.9583739744207029,0.00020437077448792
1.0,0.4,B,0.9585475480206873,0.0002055305544353156,0.9585475480166314,0.0002055305543208841,0.9585475480186594,0.00020553055437810006
1.0,0.4,naive,0.9589449629957323,0.00020505139438923987,0.9589449629884118,0.00020505139413700915,0.9589449629920722,0.00020505139426312455
